Venue,Date,Band,Genre,Event Description,Ticket/Event Link
Missy Sippy,2026-09-07,GUY VERLINDE & THE ARTISANS OF SOLACE,,HOMECOMING CONCERT ✩ GUY VERLINDE & THE ARTISANS OF SOLACE ✩ The 50th Anniversary Tour,https://www.eventbrite.be/e/guy-verlinde-the-artisans-of-solace-clubshow-missy-sippy-tickets-1985224844952
Missy Sippy,2026-09-08,GUY VERLINDE & THE ARTISANS OF SOLACE,,HOMECOMING CONCERT ✩ GUY VERLINDE & THE ARTISANS OF SOLACE ✩ The 50th Anniversary Tour,https://www.eventbrite.be/e/guy-verlinde-the-artisans-of-solace-clubshow-missy-sippy-tickets-1985225696499
Missy Sippy,2026-10-13,Guy Davis & The Nerak Roth Patterson Band,,Na de zomer bestormen opnieuw wereldsterren het podium van de Missy Sippy Clubshows. Op de affiche: Mister Guy Davis!,https://www.eventbrite.be/e/guy-davis-the-nerak-roth-patterson-band-clubshow-missy-sippy-tickets-1992452943389
VIERNULVIER,2026-09-05,Beherit,black metal,De schaduw over België: De verrijzenis van Beherit – de eerste Belgische show ooit van deze Finse black metal pioniers.,https://www.viernulvier.gent/nl/agenda/beherit-dsrn
VIERNULVIER,2026-09-09,UITGESTELD / Fenne Kuppens + Laura De Jongh,,"Whispering Sons frontvrouw Fenne Kuppens doet het solo, maar met piano en cello; en Antwerpse harpist Laura De Jongh gaat van begeleiding naar leiding richting meanderende muziek om in te verdwalen.",https://www.viernulvier.gent/nl/agenda/uitgesteld-fenne-kuppens-laura-de-jongh-thrt
VIERNULVIER,2026-09-11,Fear Factory,industrial metal,"De industrial metal-pioniers Fear Factory hebben hun terugkeer naar Europese podia aangekondigd met de Cybernetic Domination Tour, en nemen Crystal Lake, Hate en The Nocturnal Affair met zich mee.",https://www.viernulvier.gent/nl/agenda/fear-factory-l63t
VIERNULVIER,2026-09-12,OdeGand En Route,,Op 12 september zet OdeGand de stad in beweging. Kies je eigen muzikale tocht bij OdeGand En Route. In de Theaterzaal van De Vooruit vind je Almaghoot Quintet,https://www.viernulvier.gent/nl/agenda/odegand-en-route-hd94
VIERNULVIER,2026-09-12,Daft Funk Live,House,"Daft Funk Live komt in het vaarwater van Daft Punk, in goede zin.",https://www.viernulvier.gent/nl/agenda/daft-funk-live-z9wq
VIERNULVIER,2026-09-17,Moor Mother / Razen,experimental,"Twee concerten die je het luisteren intrekken: een stem die taal verschuift, en een ensemble dat laag per laag een klankveld laat ontstaan.",https://www.viernulvier.gent/nl/agenda/moor-mother-razen-fl83
VIERNULVIER,2026-09-23,Pitou,folk,"“To do what to do what to do what to do…” P2, de nieuwe van Pitou klinkt donkerder, dansbaar, en een beetje als de ideale soundtrack voor een moderne heksenkring. Ze brengt ‘m naar de Balzaal in De Vo…",https://www.viernulvier.gent/nl/agenda/pitou-dsqb
VIERNULVIER,2026-09-23,Eat Me,,Wanneer is te veel genoeg? Eat Me vertrekt daar. Een tafel wordt gedekt. Glazen vullen zich. De maaltijd komt nooit echt op tafel. Iemand kookt. Iemand serveert. De eetlust blijft doorgaan. Nog een ha…,https://www.viernulvier.gent/nl/agenda/eat-me-5j23
VIERNULVIER,2026-09-24,TJE / Niels Orens,alternative,De breekbare elektronica van Niels Orens’ nieuwste EP Never Again en de rauwe avant-pop van TJE’s debuutalbum SCHADE smelten samen in Club Wintercircus.,https://www.viernulvier.gent/nl/agenda/tje-niels-orens-hdxl
VIERNULVIER,2026-09-26,Alabaster DePlume x 'Time of the Heathen',jazz,"Voor Videodroom 2026 kiest Brits saxofonist, dichter en activist Alabaster DePlume voor de netelig actuele film Time of the Heathen (1961) — een zelden vertoonde, indrukwekkende cultfilm die vandaag n…",https://www.viernulvier.gent/nl/agenda/alabaster-deplume-x-time-of-the-heathen-z9kt
VIERNULVIER,2026-09-26,Steve Reich: Music for 18 Musicians & ROLROLROL,,"Vorig jaar trok Nacht van de Verbeelding door de musea aan het Citadelpark; dit jaar keert ze terug na donker, met muziek die de nacht niet inkleurt maar onder stroom zet.",https://www.viernulvier.gent/nl/agenda/steve-reich-music-for-18-musicians-rolrolrol-nyjw
VIERNULVIER,2026-10-03,'The Evil Dead' x BL!NDMAN,contemporary classical,‘Why have you disturbed our sleep; awakened us from our ancient slumber?’,https://www.viernulvier.gent/nl/agenda/the-evil-dead-x-bl-ndman-14gn
VIERNULVIER,2026-10-04,Alex Zhang Hungtai x 'The Last Movie',drone,"Tijdens Videodroom vertonen wij ‘The Last Movie’- Dennis Hoppers radicale, gemythologiseerde en verloren gewaande meesterwerk – dat bijna 50 jaar lang amper te zien was – met een gloednieuwe live scor…",https://www.viernulvier.gent/nl/agenda/alex-zhang-hungtai-x-the-last-movie-qgyb
VIERNULVIER,2026-10-08,Mary Lattimore x 'Old Joy',ambient,Een ‘slow cinema’ klassieker uit 2006 krijgt een eenmalig nieuw muzikaal jasje door harpiste Mary Lattimore.,https://www.viernulvier.gent/nl/agenda/mary-lattimore-x-old-joy-z9m1
VIERNULVIER,2026-10-09,múm x ‘La Vie Rêvée’,electronic,Videodroom verwelkomt de IJslandse experimentele poppioniers múm voor een gloednieuwe live soundtrack bij de verstilde Canadese cultklassieker La vie rêvée (Dream Life). Op het podium worden ze vergez…,https://www.viernulvier.gent/nl/agenda/mum-x-la-vie-revee-fllc
VIERNULVIER,2026-10-10,Wolf Eyes x 'Spider Baby',noise,Giechels en gruwel op acht pootjes: legendarisch avant-noise duo Wolf Eyes neemt op Videodroom de gitzwarte horror komedie ‘Spider Baby’ onder handen. Een regelrechte camp classic en zonder twijfel ee…,https://www.viernulvier.gent/nl/agenda/wolf-eyes-x-spider-baby-8w3l
Wintercircus,2026-09-08,AZ,Hip-Hop,,https://apps.ticketmatic.com/widgets/democrazy/flow/tickets?event=970337389591&l=nl#!/addtickets
Wintercircus,2026-09-12,OdeGand,,Gent Festival Van Vlaanderen,https://tickets.gentfestival.be/nl/buyingflow/tickets/41602/
Wintercircus,2026-09-12,Slotconcert OdeGand - Ways of [ ],,Gent Festival Van Vlaanderen,https://tickets.gentfestival.be/nl/buyingflow/tickets/41602/87204/
Wintercircus,2026-09-23,Eat Me,,Gent Festival Van Vlaanderen,https://tickets.gentfestival.be/nl/buyingflow/tickets/41583/77739/
Wintercircus,2026-09-24,TJE / Niels Orens,alternative,De breekbare elektronica van Niels Orens’ nieuwste EP Never Again en de rauwe avant-pop van TJE’s debuutalbum SCHADE smelten samen in Club Wintercircus.,https://www.viernulvier.gent/nl/agenda/tje-niels-orens-hdxl
Wintercircus,2026-09-26,Steve Reich: Music for 18 Musicians & ROLROLROL,,In de agenda van het Wintercircus Gent vind je een overzicht van inspirerende events en activiteiten.,https://www.wintercircus.be/nl/agenda
Wintercircus,2026-10-04,Laibach,industrial,,https://apps.ticketmatic.com/widgets/democrazy/flow/tickets?event=665014143294&l=nl#!/addtickets
Wintercircus,2026-10-08,Skeler,witch house,,https://apps.ticketmatic.com/widgets/democrazy/flow/tickets?event=736043988233&l=nl#!/addtickets
Wintercircus,2026-10-16,Humo's Rock Rally '26: Halve Finale,,,https://apps.ticketmatic.com/widgets/democrazy/flow/tickets?event=845458318586&l=nl#!/addtickets
Wintercircus,2026-10-22,Uberdope (extra show),Belgium,,https://apps.ticketmatic.com/widgets/democrazy/flow/tickets?event=327680716427&l=nl#!/addtickets
Wintercircus,2026-11-04,Iskander Moon,singer-songwriter,,https://apps.ticketmatic.com/widgets/democrazy/flow/tickets?event=686318227792&l=nl#!/addtickets
Wintercircus,2026-11-06,Slow Crush,shoegaze,,https://apps.ticketmatic.com/widgets/democrazy/flow/tickets?event=951095144901&l=nl#!/addtickets
Wintercircus,2026-11-13,Max Cooper - 3D AV Live,minimal,Een ontdekkingsreis naar de fundamenten van ons bestaan.,https://www.viernulvier.gent/nl/agenda/max-cooper-xrt7
Wintercircus,2026-11-14,Holotrigger by Ksawery Komputery,,,https://portal.wintercircus.be/event/holotrigger-by-ksawery-komputery-670
Wintercircus,2026-11-19,Tsar B,rnb,"Tsar B landt in Club Wintercircus met The Writer, een plaat die aanvoelt als een koortsdroom over liefde en alles wat daar rond blijft spoken.",https://www.viernulvier.gent/nl/agenda/tsar-b-r32k
Wintercircus,2026-11-20,The Scene x Syb van der Ploeg,dutch,,https://apps.ticketmatic.com/widgets/democrazy/flow/tickets?event=741324137317&l=nl#!/addtickets
Wintercircus,2026-11-24,Lost in Kyiv - Support: Arabrot /  Aufhebung,post-rock,"Met hun vijfde album We’re All Going to Be Fine luidt Lost in Kyiv een nieuw hoofdstuk in. Dankzij een vernieuwde bezetting klinkt de band zwaarder, rauwer en directer dan ooit.",https://www.viernulvier.gent/nl/agenda/lost-in-kyiv-qgj9
Charlatan,2026-09-11,PISSBUGS + GEITENVEL,,"PISSBUGS Steek al u vooringenomen middelen en filosofies in een braakbal, sluit u prefrontale cortex aan op een breekhamer en giet uw lichamelijke orifiezen vol met bovenhemelse ether, dan en slechts …",https://www.charlatan.be/agenda/pissbugs-geitenvel-fpwq
Charlatan,2026-09-12,X-POZED + Turpentine Valley + Kerker,,"X-POZED X-POZED is een metalcoreband die in 2007 is opgericht. Na een periode van afwezigheid zijn we weer terug in originele bezetting. Onze muziek, gekenmerkt door stevige gitaarriffs, krachtige voc…",https://www.charlatan.be/agenda/x-pozed-turpentine-valley-kerker-lfbg
Charlatan,2026-09-17,BAT EYES + racehorse pablo,,BAT EYES BRENGT NIEUWE SINGLE ‘IT’S NOT REAL’ UIT EN KONDIGT TWEEDE ALBUM ‘MURCH’ AAN,https://www.charlatan.be/agenda/bat-eyes-racehorse-pablo-6jlb
Charlatan,2026-09-18,FROZE,rap,"Gent, Gentser, Gentst",https://www.charlatan.be/agenda/froze-np8f
Charlatan,2026-09-30,MØNJARD + RULDER,,"MØNJARD Vergeet traditionele post-rock/-metal wetten. MØNJARD komt niet om achtergrondmuziek te verzorgen, maar om een explosieve, instrumentale beleving neer te zetten! Ontstaan uit de assen van melo…",https://www.charlatan.be/agenda/monjard-rulder-qwgt
Charlatan,2026-10-01,STEREOSEAT + AN EVENING WITH KNIVES,alternative rock,"STEREOSEAT Guitars growl, synths grind. Stereoseat turns Ghent’s underground noise into raw, human electricity. Think riffs in the vein of QOTSA, the hooks of Gojira and Millionaire, the intensity of …",https://www.charlatan.be/agenda/stereoseat-an-evening-with-knives-6lhb
Charlatan,2026-10-04,16e DIKKE DEKENES FEESTEN,,"Dekenij Vlasmarkt i.s.m. de Sint-Jacobsnieuwstraat presenteren 16e DIKKE DEKENES FEESTEN op Zondag 4 oktober 2026 Vanaf 09:00 Doorlopende ROMMELMARKT  Animatie voor jong en oud, i.s.m. met Guapa en Jo…",https://www.charlatan.be/agenda/16e-dikke-dekenes-feesten-qkht
Charlatan,2026-10-07,Pixiedust + Tijgers,,PIXIEDUST An exclusive kind of fairy dust: used to refer to a hypothetical substance with magical properties that makes it able for a person to dream through music. TIJGERS  Vier broertjes. Drie akkoo…,https://www.charlatan.be/agenda/pixiedust-tijgers-1x2r
Charlatan,2026-10-14,ANTWERP GIPSY SKA ORKESTRA,ska,"Hoe indrukwekkend hun platen ook zijn, Antwerp Gipsy Ska Orkestra is bovenal een fenomenale liveband. De groep heeft publiek in heel Europa in vervoering gebracht, met optredens in onder meer Oekraïne…",https://www.charlatan.be/agenda/antwerp-gipsy-ska-orkestra-53rn
Charlatan,2026-10-15,WASTE + GENDER REVEAL ATOMIC BOMB,hardcore,WASTE maakt lawaai. Véél lawaai. En dat lawaai kan je komen beluisteren in de Charlatan op 15 oktober! Deze Belgische band gooit een mix van experimentele noise en donkere (post-)punk recht in je gezi…,https://www.charlatan.be/agenda/waste-gender-reveal-atomic-bomb-nprf
Charlatan,2026-10-22,Swell + Bergaf,indie,"Swell De San Franciscaanse band Swell werd in de jaren negentig opgericht door David Freel en Sean Kirkpatrick in de Tenderloin-wijk, niet bepaald de glamoureuze kant van de stad, en bouwde van daarui…",https://www.charlatan.be/agenda/swell-bergaf-541n
Charlatan,2026-11-04,Floris Francis Arthur band,,"Floris Francis Arthur Het soloproject van Floris De Decker (frontman van Team William, muzikant bij The Van Jets en Intergalactic Lovers), live bijgestaan door een ijzersterke band met leden uit o.a. …",https://www.charlatan.be/agenda/floris-francis-arthur-band-5h8n
Charlatan,2026-11-19,ELLE FRAY + ENO,,"Elle Fray  Puur, eigenzinnig en rauw. Haar muziek klinkt als een krachtige resonantie van alternatieve pop, bluesy gitaarwerk en scherpe emoties. Elle Fray laat haar krachtige en intieme stem spreken …",https://www.charlatan.be/agenda/elle-fray-eno-fz4q
Ringo Music Bar,2026-09-04,TLP,,"TLP
▬▬▬

Al meer dan 40 jaar is TLP een van de meest gerespecteerde selectors van het land. Van de legendarische dagen in Culture Club en Charlatan tot festivals en dansvloeren overal ter wereld: zijn reputatie is gebouwd op één simpel principe — altijd de juiste plaat op het juiste…",https://ringogent.be/agenda/tlp-ringo-2
Ringo Music Bar,2026-09-05,ROCKSTARS,,"""𝚁𝚘𝚌𝚔𝚜𝚝𝚊𝚛𝚜"" 
Channel your inner Rockstar! 🎸

(Big drum roll) Get ready for a brand new night out that celebrates the legends of rock (heavy cymbals crash!)—it’s time to embrace the music and the culture we love!

Join us at Ringo for ""Rockstars,"" a unique gathering crafted for those who appreciate…",https://ringogent.be/agenda/rockstars
Ringo Music Bar,2026-09-12,Sous-Sol Revisited,,More info soon,https://ringogent.be/agenda/sous-sol-revisited
Ringo Music Bar,2026-09-15,MUZIEKQUIZ - door de Stereotypes,,"🎶
Ben jij een muziekliefhebber en dol op quizzen?
De Stereotypes presenteren een allround muziekquiz die er soms kattig aan toe kan gaan. Verwacht een brede mix van genres en verrassende vragen die je muziekkennis stevig op de proef stellen.
Test samen met je team jullie kennis en strijd voor de…",https://ringogent.be/agenda/muziekquiz-door-de-stereotypes
Ringo Music Bar,2026-10-16,Date With The Night - Your Rock 'n' Roll Night Out,,"ⒹⓌⓉⓃ
The nights are getting longer - so it’s time for another Date With The Night.
After the Fontaines D.C. listening party, we dive straight into a sweaty night of indie, post-punk and Rock ’n’ Roll.
Big anthems, dirty guitars and dancefloor favourites, spun by our resident troublemakers.
Lose…",https://ringogent.be/agenda/date-with-the-night---your-rock-n-roll-night-out
Ringo Music Bar,2026-10-28,"JAWDROPPED (Los Angeles, USA)",shoegaze,"◊ Jawdropped (Los Angeles, USA)
▬▬▬▬▬▬▬▬▬▬▬
Tickets: €8 (+ servicekosten)
📅 Woensdag 28 oktober
▬▬▬▬▬▬▬▬▬▬▬
Recht uit Los Angeles maakt Jawdropped hun Belgische debuut in Ringo.
In amper twee jaar tijd groeide de band uit tot een van de spannendste nieuwe namen uit de Amerikaanse indierock. Met hun…",https://ringogent.be/agenda/jawdropped-(los-angeles-usa)
Drongenplein,2026-08-28,AfritDrongen muziekfestival 2026,,AfritDrongen muziekfestival is een GRATIS muziekfestival voor jong en oud op het sfeervolle Drongenplein. De vijde editie gaat dit jaar door op vrijdag 28 en zaterdag 29 augustus. De  programmatie is rond. De affiches zijn gedrukt. U ziet ze hier en daar  verschijnen in het straatbeeld. Kijk maar…,https://www.uitinvlaanderen.be/agenda/e/afritdrongen-muziekfestival-2026/364167b4-ab91-4ecf-9f49-d5cee4028aa9
Café de Loge,2026-09-02,Jana Jane,,"Jana vond vanuit het Waasland haar weg naar Gent en is volop bezig haar eigen muzikale verhaal te schrijven. Onder de naam Jana Jane brengt Jana Nys songs die ergens tussen soul, blues, americana en folk blijven hangen. Akoestisch, warm en soms rauw — met een stem die zowel kan fluisteren als…",https://www.uitinvlaanderen.be/agenda/e/jana-jane/dbae0e4a-ea9a-41a8-b804-e202b86e9331
Ensemble,2026-09-04,Tuinconcert | FOULON | Schaekers,,"Elke zomerse vrijdagavond een gratis dubbelconcert in de tuin van Ensemble! Bar open vanaf 16 uur. FOULON om 19 uur FOULON  brengt een mix van folk en alternatieve rock. Muziek vol warme  melodieën, harmonieën en eerlijke teksten (en een vleugje overdrive).  Voor liefhebbers van Eels, Madison…",https://www.uitinvlaanderen.be/agenda/e/tuinconcert-foulon-schaekers/ea3a8f0f-4f82-45f3-82b9-6e2048a434a1
Ensemble,2026-09-11,Tuinconcert | Steinfeld | We Who Live,,"Elke zomerse vrijdagavond een gratis dubbelconcert in de tuin van Ensemble! Bar open vanaf 16 uur. Steinfeld om 19 uur Deze  Belgisch-Amerikaanse multi-instrumentalist liet zich o.a. inspireren  door Andy Shauf, Mid-Air Thief and Adrianne Lenker en brengt nu zijn  eigen intieme indie-folk in een…",https://www.uitinvlaanderen.be/agenda/e/tuinconcert-steinfeld-we-who-live/2fe306f5-9229-4f2c-a31c-5088f301c936
Ha Concerts,2026-09-15,Concert Stef Bos,,STEF BOS IN CONCERT – STEUN ONZE REIS NAAR GAMBIA! link tickets: https://tickets.ticketsgent.be/nl/buyingflow/tickets/43832/88350 OP DINSDAG 15 SEPTEMBER 2026 OM 20U VERWELKOMEN WE JULLIE IN DE HANDELSBEURS (HA) IN GENT VOOR EEN AVOND MET DE PRACHTIGE MUZIEK VAN STEF BOS. DIT CONCERT WORDT…,https://www.uitinvlaanderen.be/agenda/e/concert-stef-bos/7561b949-f7f5-4f41-a75b-7865b525fb1e
Ensemble,2026-09-18,Tuinconcert | Maarten Van Loo | M.ara,,"Elke vrijdagavond een gratis dubbelconcert in de tuin van Ensemble! Zomerbar geopend vanaf 17 uur. Maarten Van Loo * 19 uur Gitarist  en zanger Maarten Van Loo schakelt muzikaal moeiteloos tussen  intimiteit & intensiteit. Met een veelzijdig geluid dat varieert van  stevige, energieke riffs tot…",https://www.uitinvlaanderen.be/agenda/e/tuinconcert-maarten-van-loo-m-ara/99cb1934-5ae4-404a-b266-1b07adc378ac
De Centrale,2026-09-18,Duo Azinmehr Kieckens,,"Het duo Azinmehr Kieckens brengt een ode aan vriendschap, diep geworteld in de klassieke Perzische muziek. Shahab Azinmehr komt uit Iran, Robbe Kieckens uit België. Ondanks - on misschien net dankzij - hun verschillende achtergronden vonden zij elkaar op een heel natuurlijke manier, zowel…",https://www.uitinvlaanderen.be/agenda/e/duo-azinmehr-kieckens/ddf6cb91-b772-4563-a42b-e9d70a8ea790
Paulushuis,2026-09-18,Folk & Far Beyond – Een muzikale reis zonder grenzen,,"Folk & Far Beyond – Een muzikale reis zonder grenzen Twee muzikanten, één podium, eindeloos veel sfeer! Samen bespelen ze 4, 5 én 6 snaren , maar liefst 130 knoppen en toetsen en brengen ze hun muziek tot leven met vier krachtige stembanden . Hun repertoire neemt je mee op een muzikale reis van…",https://www.uitinvlaanderen.be/agenda/e/folk-far-beyond-een-muzikale-reis-zonder-grenzen/60b99cbb-bcb7-4cf6-b1e8-ab525b662acf
WZC De Liberteyt,2026-09-19,Roesoesoerock 3,,"Maak je klaar voor de derde editie van het meest rockende rockfestival in een woonzorgcentrum! Dit jaar trekken we volop de rockabilly-kaart. Onder het motto ‘Make some noise for dementia!’ vieren we het leven en doorbreken we taboes. Verwacht liveoptredens, een retromarkt, kidscorner en sfeervolle…",https://www.uitinvlaanderen.be/agenda/e/roesoesoerock-3/fe815bae-6fe8-4d77-a0cd-67993f7fbeea
WZC De Liberteyt,2026-09-19,Roesoesoe Rock 3,,"Maak je klaar voor de derde editie van het meest rockende rockfestival in een woonzorgcentrum! Dit jaar trekken we volop de rockabilly-kaart. Onder het motto ‘Make some noise for dementia!’ vieren we het leven en doorbreken we taboes. Verwacht liveoptredens, een retromarkt, kidscorner en sfeervolle…",https://www.uitinvlaanderen.be/agenda/e/roesoesoe-rock-3/0f2317be-4b4c-415e-aa3e-f9aa813e23af
De Centrale,2026-09-19,Azizam + Borokov Borokov + Arian Zand,,"Met Azizam, Borokov Borokov en Arian Zand presenteren we een prikkelend programma waar elektronische muziek, underground en experimenteerdrift elkaar kruisen. Verwacht geen klassiek clubevent, maar een gelaagde trip die laveert tussen introspectie en extase, mystiek en absurditeit, ritme en…",https://www.uitinvlaanderen.be/agenda/e/azizam-borokov-borokov-arian-zand/3f856503-e4bd-4ab6-b44d-ca1178008f86
De Centrale,2026-09-20,İstanbul Fasıl Ensemble | İstanbul Night,,"Een samenwerking tussen De Centrale en Ha ConcertsTijdens een traditionele fasılavond geniet je van heerlijke mezze en rakı, de nationale Turkse anijsdrank. Deze licht klassieke muziek weerklonk ooit in Ottomaanse paleizen en chique huizen, en vandaag hoor je ze vooral in de restaurants van…",https://www.uitinvlaanderen.be/agenda/e/i-stanbul-fas-l-ensemble-i-stanbul-night/34217e3d-20a6-4dd8-8099-4c270ed5a468
NTGent Schouwburg,2026-09-21,HUNTER,heavy metal,"Een basketbalveld. Acht stemmen. Eén team. HUNTER zet koor en spel in beweging tot regels kantelen en de match omslaat in een jacht op het hart. Een groep van acht spelers staat op een basketbalveld. De scheidsrechter fluit. Het spel begint. Iets stuitert. Een bal, of een beat. Kijken we naar een…",https://www.uitinvlaanderen.be/agenda/e/hunter/8d5e895a-6698-4f59-8c4c-07958345d742
Sint-Baafsabdij,2026-09-26,Luiz Marquez & Colectivo Mezcal | (Her)ontmoeting met Mexico ...,,"Niet zomaar een concert, maar een zintuiglijke reis door tijd, cultuur en geschiedenis. In de indrukwekkende ruïnes van de Sint-Baafsabdij – op de historische plek waar ooit ook het Spaanse Kasteel stond – komt een uitzonderlijke ontmoeting tussen Vlaanderen en Mexico tot leven. Op deze plaats, die…",https://www.uitinvlaanderen.be/agenda/e/luiz-marquez-colectivo-mezcal-her-ontmoeting-met-mexico/0546e32d-ac30-4a8f-9024-47a1583bcb25
De Centrale,2026-10-03,Balkan Bonanza #3 ★ DJ Spery & Radio Barbã,,"Balkan Bonanza # DJ Spery (GR) + Radio Barbã (DJ Set) + BSAER (Warm-up) Balkan Bonanza is terug! Na twee uitverkochte, broeierige en ronduit legendarische edities keert het DJ-concept van Radio Barbã terug met een nacht vol vuur, zweet en onweerstaanbare ritmes. Verwacht een kolkende dansvloer,…",https://www.uitinvlaanderen.be/agenda/e/balkan-bonanza-3-dj-spery-radio-barb/f6952a98-6111-49bf-8ee5-a5fea1cbccca
Ha Concerts,2026-10-04,Foyer Matinee: Uma Chine Trio,,"Akoestische droompop Uma Chine beweegt zich in een dromerig grensgebied van akoestische droompop. Met drie etherische stemmen, subtiele synths en heldere harmonieën balanceren ze tussen de weidse melancholie van Beach House en de filmische sfeer van Angelo 'Twin Peaks' Badalamenti. Voor deze Foyer…",https://www.uitinvlaanderen.be/agenda/e/foyer-matinee-uma-chine-trio/a21d1ed5-3aa3-4360-ae38-f4860bddb602
Zaal Goedleven,2026-10-09,Ghost Camaro + WeUsedToWearDickies (support) (Club Black Box),,"Eind 2024 kwamen vijf gasten samen met één missie: de tijdloze alternative rock & metal spelen waarmee ze zijn opgegroeid. Niet alleen de klassiekers die je verwacht, maar juist ook die vergeten parels van albums die zij — en waarschijnlijk jij ook — grijs hebben gedraaid. Verwacht: Smashing…",https://www.uitinvlaanderen.be/agenda/e/ghost-camaro-weusedtoweardickies-support-club-black-box/3c456c32-5cf3-4d99-a50e-37373e2016e8
De Centrale,2026-10-09,Rumi the Outsider,,"Na Rumi Passion zet componist Osama Abdulrasol zijn onderzoek naar de hedendaagse resonantie van het werk van de middeleeuwse soefi-mysticus Rumi verder. In deze wervelende muziektheatervoorstelling versmelten muziek, dans en AI-gegenereerde videobeelden tot een zintuiglijke en meeslepende…",https://www.uitinvlaanderen.be/agenda/e/rumi-the-outsider/62bfe091-d1ec-4439-8407-394950585736
Zaal Goedleven,2026-10-10,Funeral Dress,punk,40 in 2025! Ondertussen al 40 jaar non-stop actief en uitgegroeid tot een van de vaandeldragers van de Belgische punkscene. Dat viert Funeral Dress in 2025 met zijn langverwachte nieuwe studioalbum. Zestien jaar na ‘Global Warning’ zijn ze eindelijk terug met een nieuw (en waarschijnlijk laatste)…,https://www.uitinvlaanderen.be/agenda/e/funeral-dress/27eb03ae-7120-4d4a-8938-7b1308383137
Ha Concerts,2026-10-10,Sara Correia,fado,"Frisse fado Na de Latin Grammy-nominatie van haar vorige album presenteert Sara Correia met Tempestade een nieuwe, uitgesproken krachtmeting. Op deze plaat blaast ze de fado-traditie nieuw leven in met een repertoire van songs die allemaal door vrouwen werden geschreven, onder wie Carolina…",https://www.uitinvlaanderen.be/agenda/e/sara-correia/99cff0a2-4e87-4a2d-8eac-a4a7d6de18e5
Design Museum Gent,2026-10-11,Pamoja A Gospel Performance,,"Pamoja is het Swahili woord voor ‘samen’  en dat is precies de kracht van deze avond. Als onderdeel van Hadithi ya Katikati brengt het C.E.R. Gospel Choir een aanstekelijke mix van Congolese gospel en eigentijdse worship. Juist in een tijd waarin mensen soms ver van elkaar af lijken te staan, laat…",https://www.uitinvlaanderen.be/agenda/e/pamoja-a-gospel-performance/12a88a81-443f-4d47-875d-8edf355def17
Ha Concerts,2026-10-12,The Bones of J.R. Jones,Alt-country,"Rauwe folkblues Als kind zat Jonathon Linaberry ’s avonds aan de radio gekluisterd, klaar om zijn favoriete nummers op cassette op te nemen. Die magie van verwachting en ontdekking probeert hij opnieuw te vangen op Radio Waves, zijn zesde album als The Bones of J.R. Jones. Samen met producer Robbie…",https://www.uitinvlaanderen.be/agenda/e/the-bones-of-j-r-jones/2ca1b535-dcc0-4b76-a671-f0fe3da6a7d6
De Centrale,2026-10-14,Fanfare Ciocărlia,balkan,"Fanfare Ciocărlia komt terug naar De Centrale! Fanfare Ciocărlia is een legendarische Roemeense brassband uit het afgelegen dorp Zece Prăjini, waar een eeuwenoude Roma-blaastraditie van generatie op generatie werd doorgegeven. Wat ooit lokale muziek was voor bruiloften en ceremonies, groeide sinds…",https://www.uitinvlaanderen.be/agenda/e/fanfare-cioc-rlia/870b3a68-bef5-4cf1-8968-530b84b49ba9
De Centrale,2026-10-16,Nana Osei Twum Barima,,"Nana Osei Twum Barima is een jonge multi-instrumentalist, zanger, percussionist en danser uit Ghana die al enkele jaren in Gent woont en werkt. Hij groeide op in een muzikale familie en is een meester op de seperewa , een traditionele Ghanese harp-luit. Nana Osei studeerde Ghanese muziek aan de…",https://www.uitinvlaanderen.be/agenda/e/nana-osei-twum-barima/fcfd7fd5-9633-4e11-b2ad-ecd310bbae2f
Ha Concerts,2026-10-17,Myles Sanko (albumrelease),soul,"""One of the great talents of vibrant European Soul"" - Rolling Stone Magazine Soul, jazz en groove De Britse soulsensatie Myles Sanko vult soulvolle zang, jazz en funk aan met ritmische invloeden van zijn Ghanese roots. Die stijl blijft hij verfijnen, met organische grooves en sterke melodieën…",https://www.uitinvlaanderen.be/agenda/e/myles-sanko-albumrelease/58c68113-4850-410e-bb57-44ab004484c3
De Centrale,2026-10-17,10 jaar The Boat Band,,"Maak je klaar voor een onvergetelijke avond vol muziek, ontmoeting en feest, want The Boat Band viert zijn 10-jarig bestaan! In 2016 meerde de Reno aan in Gent. De voormalige gevangenisboot was omgebouwd tot opvangcentrum en groeide al snel uit tot een warm en gastvrij toevluchtsoord voor mensen op…",https://www.uitinvlaanderen.be/agenda/e/10-jaar-the-boat-band/a1b2bdc9-9546-4e71-97d7-0533d9bc4fa3
Ha Concerts,2026-10-18,Foyer Matinee: Anu Junnonen & Tuur Florizoone,,"Intieme songs met accordeon Met White Paper (Aventura Musica) presenteren Tuur Florizoone en Anu Junnonen hun eerste duoalbum. Na 25 jaar vriendschap en uiteenlopende samenwerkingen brengen ze twaalf songs op het snijvlak van jazz, global, pop en kamermuziek. Het repertoire bestaat uit nieuw werk…",https://www.uitinvlaanderen.be/agenda/e/foyer-matinee-anu-junnonen-tuur-florizoone/894aac3e-0cf2-426d-8399-c6004e2743d0
De Centrale,2026-10-22,"Maliheh Moradi, Sogol Mirzaei & Saghar Khadem",,"Het lied van de cipres Drie toonaangevende Iraanse muzikantes brengen een meeslepende ode aan de Perzische muziektraditie, waarin poëzie, improvisatie en eeuwenoude klanken versmelten tot een eigentijdse muzikale ervaring. Het lied van de cipres verenigt voor het eerst zangeres Maliheh Moradi ,…",https://www.uitinvlaanderen.be/agenda/e/maliheh-moradi-sogol-mirzaei-saghar-khadem/d71ee85a-5846-4ace-834b-b54c50599c39
Ha Concerts,2026-10-22,Stef Kamil Carlens & The Poem,,"Tijdloze songs vol poëzie Met THE POEM keert Stef Kamil Carlens terug naar de essentie van het lied. Samen met Nel Ponsaers en Rahmat Emonds herwerkt hij eigen nummers en parels uit de singer-songwritertraditie tot een intiem en gelaagd concert, gedragen door samenzang, verbeelding en pure muzikale…",https://www.uitinvlaanderen.be/agenda/e/stef-kamil-carlens-the-poem/7bcf2462-d8fc-49e2-bd5b-73e2c0a16531
De Centrale,2026-10-23,The Handover,egypt,"The Handover is een veelgeprezen trio met roots in Egypte , Noorwegen en België . Hun muziek vermengt ritmische tradities uit Egypte met psychedelische improvisaties, stuwende riffs en een experimentele sound. Hun titelloze debuutalbum, uitgebracht op het Amerikaanse cultlabel Sublime Frequencies,…",https://www.uitinvlaanderen.be/agenda/e/the-handover/56b2c11d-3087-4478-a056-3e270bd86a8c
Ha Concerts,2026-10-24,Zap Mama & K.ZIA,,"Afro-pop, R&B en soul Met Heritage é Motion delen de legendarische Zap Mama en neo-soulstem K.ZIA voor het eerst samen het podium. Moeder en dochter verweven hun eigen repertoire tot één krachtige, meerstemmige show, gedragen door een vierkoppige band, visuals en dans. Van de pionierende harmonieën…",https://www.uitinvlaanderen.be/agenda/e/zap-mama-k-zia/e64bcd62-2ad5-4ca3-b8f2-02af4aa261f4
De Centrale,2026-10-25,ZEYNEP BAKŞİ KARATAĞ,,"Sommige stemmen raken je al bij de allereerste noot. De stem van Zeynep Bakşi Karatağ is er één van. Ze heeft een delicate intensiteit, alsof ze rechtstreeks voor elke luisteraar zingt en is tegelijk toch heel krachtig. Met deze unieke combinatie laat Zeynep Bakşi Karatağ traditionele Turkse…",https://www.uitinvlaanderen.be/agenda/e/zeynep-bak-i-karata/a867b584-5ed5-4a45-b57a-e5ed6d741caa
De Centrale,2026-10-28,Bamako Express,,"Bamako Express is een muzikale kruisbestuiving van tradities, culturen en verhalen. Met twee Belgische muzikanten en twee artiesten uit Bamako - de bruisende hoofdstad van Mali - creëert dit kwartet een unieke sound waarin folk, roots en West-Afrikaanse klanken naadloos in elkaar overvloeien.…",https://www.uitinvlaanderen.be/agenda/e/bamako-express/b077789f-7bae-4ab6-966e-82158a282e1e
Ha Concerts,2026-10-28,Danko Jones,hard rock,"No-nonsense rock ’n roll Al bijna dertig jaar bewijst Danko Jones dat rock-’n-roll springlevend is. Met hun nieuwe album Leo Rising leveren ze elf explosieve songs vol riffs, swagger en vuist-in-de-lucht-energie. Verwacht een show zonder franjes: rechttoe-rechtaan rock die binnenkomt met een knal…",https://www.uitinvlaanderen.be/agenda/e/danko-jones/09396849-79c4-459e-999b-b8aae45b0caf
De Vierde Zaal,2026-10-29,Ballerheiligen,,"Na een fantastische vorige editie is het tijd voor een nieuwe avond vol muziek, dans & gezelligheid. Meer info volgt!",https://www.uitinvlaanderen.be/agenda/e/ballerheiligen/c02434bd-376f-4c72-9a4e-c649606fffbf
Ha Concerts,2026-10-30,Eliades Ochoa,cuban,Naar het Cuba van Buena Vista Social Club Eliades Ochoa is wereldwijd bekend als de stem van “Chan Chan” en als boegbeeld van de traditionele Cubaanse son. Als kernlid van Buena Vista Social Club bracht hij deze muziek naar een internationaal publiek. Met zijn kenmerkende bariton en gitaarspel…,https://www.uitinvlaanderen.be/agenda/e/eliades-ochoa/17669d86-7133-4664-aca4-f9d585587dca
De Centrale,2026-11-02,Hossein Behroozinia & Pouriya Jaberi | Labyrinth 26,,"Hossein Behroozinia (Teheran, 1962) geldt als een van de belangrijkste hedendaagse vertolkers van de barbat , de Perzische variant van de oed. Al op jonge leeftijd werd hij toegelaten tot het Conservatorium van Teheran, waar hij tar studeerde bij Reza Vohdaney en luit bij Mansour Nariman. Later…",https://www.uitinvlaanderen.be/agenda/e/hossein-behroozinia-pouriya-jaberi-labyrinth-26/909540c6-6e5f-4227-a8a8-168bbcac454a
De Centrale,2026-11-03,YOL ft. Sevdâ Söğütlü | Labyrinth 26,,Yol (Turks voor ‘weg’) is een live performance waarin spoken word en Anatolische muziek elkaar ontmoeten. Vanuit haar muzikale erfgoed schrijft Sevdâ spoken word teksten die het verleden verbinden met het heden. De voorstelling is een ode aan de liederen die haar hebben gevormd en een zoektocht…,https://www.uitinvlaanderen.be/agenda/e/yol-ft-sevd-s-tl-labyrinth-26/4ee7e6c7-b663-45d1-a6d9-9765ed0221ae
De Centrale,2026-11-04,Masters of Labyrinth 26,,"Er is een moment in het festival waarop alles samenkomt. Niet als een hoogtepunt dat boven de rest uitstijgt, maar als een bijzondere ontmoeting waarin ervaring, traditie en verbeelding elkaar vinden. De Masters of Labyrinth delen eerst het podium in een open muzikale dialoog: een verwevenheid van…",https://www.uitinvlaanderen.be/agenda/e/masters-of-labyrinth-26/71104d29-d170-454a-a9c6-ae0f50f5cdf6
De Centrale,2026-11-08,Echo’s van Oekraïne,,"Tijdens Echo’s van Oekraïne brengen we artiesten uit Oekraïne, België, Venezuela, Colombia, Kazachstan en Belarus samen voor een bijzondere concertnamiddag. Maak kennis met de rijkdom van de Oekraïense klassieke muziek, verrassende hedendaagse interpretaties en heel veel Gentse culturele…",https://www.uitinvlaanderen.be/agenda/e/echo-s-van-oekra-ne/71928ee5-23f0-4527-a2f0-17843fba47c7
De Centrale,2026-11-11,ARIFA ft. Avin Ahmadi,,"AARIFA werd in 2010 opgericht door de Turks-Nederlandse percussionist Sjahin During .  Geïnspireerd door de muzikale tradities van de Zijderoute weeft het ensemble muzikale tradities uit Anatolië, het Zwarte Zeegebied, Perzië en India tot een eigen klankwereld. In hun muziek gaan traditionele…",https://www.uitinvlaanderen.be/agenda/e/arifa-ft-avin-ahmadi/275a48b0-6f68-4083-8481-2ce77e8831fa
Ha Concerts,2026-11-11,Ão (albumrelease),indie pop,"Art pop, electronics and saudade Met hun mix van elektronica, artpop, afropop, saudade en alternatieve latin is Ão uitgegroeid tot een van de meest indrukwekkende acts in de Belgische muziekscene. Het kwartet heeft zich ontwikkeld tot een baanbrekende, unieke stem die zich niet in een genre laat…",https://www.uitinvlaanderen.be/agenda/e/o-albumrelease/4f6097ac-8b13-4e28-a99f-24486cb1620b
Ha Concerts,2026-11-12,Tiny Tunes: Ão,,"Liedjes uit warme oorden In het Portugees is een Malandra een ondeugende heldin die durft te zoeken en te spelen. Zangeres Brenda Corijn heeft er wat van weg. Vanuit haar Mozambikaans-Portugese roots en haar warme stem bouwde ze liedjes vol elektrische vonkjes, zachte gitaren en ritmes die wiegen…",https://www.uitinvlaanderen.be/agenda/e/tiny-tunes-o/1b0245dd-4080-4aef-a334-08e92f052186
De Centrale,2026-11-12,re#encounter . trance jazz uit Brussel,,"re#encounter is een hybride trance‑jazzcollectief uit Brussel dat mensen samenbrengt in feestelijke ceremonies, zwevend tussen traditie en innovatie. Met gnawagrooves, cumbiachants, griotverhalen en extatische jazzimpro creëert de band een wervelende, dansbare soundscape die spontaniteit, culturele…",https://www.uitinvlaanderen.be/agenda/e/re-encounter-trance-jazz-uit-brussel/a4be2542-b7a3-453d-8c93-579ddac46e83
Sint-Coletakerk,2026-11-13,Klankreis 'Pure',,"Laat je meevoeren op een innerlijke reis van diepe ontspanning en heling met de klankreis Pure . In een uniek kader bezorgen wij jou een unieke ervaring. Zorgvuldig samengesteld om de geest te kalmeren en het lichaam in balans  te brengen, word je omhuld door de helende trillingen van klankschalen,…",https://www.uitinvlaanderen.be/agenda/e/klankreis-pure/d0fb1a96-db90-4280-8a91-674464595167
De Centrale,2026-11-14,Konono N°1 x Montparnasse Music,afrobeat,"Na enkele jaren stilte keert Konono N°1 terug met een zinderende hernieuwde energie, waarin traditie en vernieuwing elkaar versterken. Konono N°1 , het legendarische collectief uit Kinshasa dat wereldwijd bekendstaat om zijn explosieve samensmelting van traditie en rauwe elektrische klanken, gaat…",https://www.uitinvlaanderen.be/agenda/e/konono-n-1-x-montparnasse-music/77c13fe5-ac42-4cf1-b83f-b04104267c69
Ha Concerts,2026-11-19,Sevval Sam,turkish,"Een grote stem, een rijk palet Al meer dan drie decennia behoort Şevval Sam tot de grote namen van de Turkse muziek. Vanuit die ruime ervaring brengt ze een concert dat moeiteloos schakelt tussen Karadeniz‑folk, arabesk, tango en rock. Haar muziek klinkt gelaagd en ritmisch, met heldere melodieën…",https://www.uitinvlaanderen.be/agenda/e/sevval-sam/86301c71-4949-4354-ab41-b4bd11dc3b02
De Centrale,2026-11-21,Nilipek. + Turkish Kebap + Cem Cem Yıldız,turkish,"Nilipek. Nilipek. is een Turkse singer-songwriter uit Berlijn die met vier studioalbums haar stempel heeft gedrukt op de Turkse alternatieve muziekscene. Met haar authentieke DIY-geluid blijft ze haar artistieke eigenheid trouw, terwijl ze geleidelijk ook een breder publiek te bereiken. Met haar…",https://www.uitinvlaanderen.be/agenda/e/nilipek-turkish-kebap-cem-cem-y-ld-z/decc54fb-4b7c-49dc-94f2-e34644b310d1
De Centrale,2026-11-22,Artvark Saxophone Quartet ft. Dilek & Derya Türkan,,Colours of Istanbul and The Balkans Artvark Saxophone Quartet en het ensemble rond de Turkse zangeres Dilek Türkan en kemençemeester Derya Türkan brengen een unieke ontmoeting tussen de muzikale tradities van de Balkan en Istanbul. Traditionele melodieën krijgen een eigentijdse invulling waarin…,https://www.uitinvlaanderen.be/agenda/e/artvark-saxophone-quartet-ft-dilek-derya-t-rkan/f2332732-e7f2-4f5b-9d92-7ed60b144f7e
Wintercircus,2026-12-01,Pongo - support: TBC,angola,"De Angolees-Portugese Pongo, dé stem die je met “Wegue Wegue” instant de zomer in knalt, komt naar Club Wintercircus. Nieuwe muziek, dezelfde aanstekelijke vibe.",https://www.viernulvier.gent/nl/agenda/pongo-9276
Charlatan,2026-10-08,EMILIE MOVER ft JOHN SNAUWAERT,,"Emilie Mover is een singer-songwriter uit New York en Toronto, bekend om haar unieke mix van de eenvoud van folk en klassieke country met de complexe harmonieën van jazz. De authentieke, ingetogen sti…",https://www.charlatan.be/agenda/emilie-mover-ft-john-snauwaert-hctz
Ringo Music Bar,2026-09-09,Monkey Mask,,"◊ Monkey Mask
▬▬▬▬▬▬▬▬▬▬▬
Gratis concert
▬▬▬▬▬▬▬▬▬▬▬
Feisty funkrock uit Gent.
▬▬▬▬▬▬▬▬▬▬▬
Onze concerten zijn gratis en vrij van subsidies.
Een vrije bijdrage voor de muzikanten is zeker welkom.",https://ringogent.be/agenda/monkey-mask
Ringo Music Bar,2026-09-18,Vinnie & Charlie,,"◊ Vinnie & Charlie
▬▬▬▬▬▬▬▬▬▬▬
Ontdek de unieke muzikale reis met Vinnie en Charlie! Vinnie, met zijn liefde voor melodische elektronische muziek, 80's, Kerstklassiekers en indie, vormt een dynamisch duo met Charlie, die dol is op Korn, punk, pop, en vooral heel veel Rihanna. Deze eclectische mix…",https://ringogent.be/agenda/vinnie-charlie
Ringo Music Bar,2026-10-03,Fleetwood Mac Disco,,"A Celebration of 𝔽𝕝𝕖𝕖𝕥𝕨𝕠𝕠𝕕 𝕄𝕒𝕔

░_░_░_░_░_░

A night out as our homage to one of the greatest classic rock bands of all time.  This night will encompass nearly five decades of legendary music and channel the spirit of Fleetwood Mac at their very best.

From ""Dreams"", to ""The Chain"", ""Everywhere""…",https://ringogent.be/agenda/fleetwood-mac-disco
Bar Lume,2026-09-13,afternoonconcert > OBABA INVITES,,Jazz and Beyond. Kom in september 2026 genieten van hemelse concerten. Bekijk geregeld onze kalender of schrijf je in voor e-mail updates.,https://www.hotclub.gent/programma.php
Bar Lume,2026-09-14,concerts > PIXIE POLLY,,Jazz and Beyond. Kom in september 2026 genieten van hemelse concerten. Bekijk geregeld onze kalender of schrijf je in voor e-mail updates.,https://www.hotclub.gent/programma.php
Bar Lume,2026-09-15,Vocal Sessions > ANKE & Co + jam,,Jazz and Beyond. Kom in september 2026 genieten van hemelse concerten. Bekijk geregeld onze kalender of schrijf je in voor e-mail updates.,https://www.hotclub.gent/programma.php
Bar Lume,2026-09-20,afternoonconcert > OBABA INVITES,,Jazz and Beyond. Kom in september 2026 genieten van hemelse concerten. Bekijk geregeld onze kalender of schrijf je in voor e-mail updates.,https://www.hotclub.gent/programma.php
Bar Lume,2026-09-21,Cinematis > THE ODYSSEY,,Jazz and Beyond. Kom in september 2026 genieten van hemelse concerten. Bekijk geregeld onze kalender of schrijf je in voor e-mail updates.,https://www.hotclub.gent/programma.php
Bar Lume,2026-09-22,Vocal Sessions > DJUWI & Cie + jam,,Jazz and Beyond. Kom in september 2026 genieten van hemelse concerten. Bekijk geregeld onze kalender of schrijf je in voor e-mail updates.,https://www.hotclub.gent/programma.php
Bar Lume,2026-09-27,afternoonconcert > OBABA INVITES,,Jazz and Beyond. Kom in september 2026 genieten van hemelse concerten. Bekijk geregeld onze kalender of schrijf je in voor e-mail updates.,https://www.hotclub.gent/programma.php
Bar Lume,2026-09-27,concerts > LUMINOUS BIG BAND,,Jazz and Beyond. Kom in september 2026 genieten van hemelse concerten. Bekijk geregeld onze kalender of schrijf je in voor e-mail updates.,https://www.hotclub.gent/programma.php
Bar Lume,2026-09-29,Vocal Sessions > FRIE & Cie + jam,,Jazz and Beyond. Kom in september 2026 genieten van hemelse concerten. Bekijk geregeld onze kalender of schrijf je in voor e-mail updates.,https://www.hotclub.gent/programma.php
Bar Lume,2026-10-04,afternoonconcert,,Jazz and Beyond. Kom in september 2026 genieten van hemelse concerten. Bekijk geregeld onze kalender of schrijf je in voor e-mail updates.,https://www.hotclub.gent/programma.php
Bar Lume,2026-10-04,concert,rallye label,Jazz and Beyond. Kom in september 2026 genieten van hemelse concerten. Bekijk geregeld onze kalender of schrijf je in voor e-mail updates.,https://www.hotclub.gent/programma.php
Bar Lume,2026-10-05,concert,rallye label,Jazz and Beyond. Kom in september 2026 genieten van hemelse concerten. Bekijk geregeld onze kalender of schrijf je in voor e-mail updates.,https://www.hotclub.gent/programma.php
Bar Lume,2026-10-06,Vocal Sessions,,Jazz and Beyond. Kom in september 2026 genieten van hemelse concerten. Bekijk geregeld onze kalender of schrijf je in voor e-mail updates.,https://www.hotclub.gent/programma.php
Bar Lume,2026-10-11,afternoonconcert,,Jazz and Beyond. Kom in september 2026 genieten van hemelse concerten. Bekijk geregeld onze kalender of schrijf je in voor e-mail updates.,https://www.hotclub.gent/programma.php
Bar Lume,2026-10-11,concert,rallye label,Jazz and Beyond. Kom in september 2026 genieten van hemelse concerten. Bekijk geregeld onze kalender of schrijf je in voor e-mail updates.,https://www.hotclub.gent/programma.php
Bar Lume,2026-10-12,concert,rallye label,Jazz and Beyond. Kom in september 2026 genieten van hemelse concerten. Bekijk geregeld onze kalender of schrijf je in voor e-mail updates.,https://www.hotclub.gent/programma.php
Bar Lume,2026-10-13,Vocal Sessions,,Jazz and Beyond. Kom in september 2026 genieten van hemelse concerten. Bekijk geregeld onze kalender of schrijf je in voor e-mail updates.,https://www.hotclub.gent/programma.php
Bar Lume,2026-10-18,afternoonconcert,,Jazz and Beyond. Kom in september 2026 genieten van hemelse concerten. Bekijk geregeld onze kalender of schrijf je in voor e-mail updates.,https://www.hotclub.gent/programma.php
Bar Lume,2026-10-18,concert,rallye label,Jazz and Beyond. Kom in september 2026 genieten van hemelse concerten. Bekijk geregeld onze kalender of schrijf je in voor e-mail updates.,https://www.hotclub.gent/programma.php
Bar Lume,2026-10-19,Cinematis,,Jazz and Beyond. Kom in september 2026 genieten van hemelse concerten. Bekijk geregeld onze kalender of schrijf je in voor e-mail updates.,https://www.hotclub.gent/programma.php
Bar Lume,2026-10-20,Vocal Sessions,,Jazz and Beyond. Kom in september 2026 genieten van hemelse concerten. Bekijk geregeld onze kalender of schrijf je in voor e-mail updates.,https://www.hotclub.gent/programma.php
Bar Lume,2026-10-25,afternoonconcert,,Jazz and Beyond. Kom in september 2026 genieten van hemelse concerten. Bekijk geregeld onze kalender of schrijf je in voor e-mail updates.,https://www.hotclub.gent/programma.php
Bar Lume,2026-10-25,concerts > LUMINOUS BIG BAND,,Jazz and Beyond. Kom in september 2026 genieten van hemelse concerten. Bekijk geregeld onze kalender of schrijf je in voor e-mail updates.,https://www.hotclub.gent/programma.php
Bar Lume,2026-10-26,concert,rallye label,Jazz and Beyond. Kom in september 2026 genieten van hemelse concerten. Bekijk geregeld onze kalender of schrijf je in voor e-mail updates.,https://www.hotclub.gent/programma.php
Bar Lume,2026-10-27,Vocal Sessions,,Jazz and Beyond. Kom in september 2026 genieten van hemelse concerten. Bekijk geregeld onze kalender of schrijf je in voor e-mail updates.,https://www.hotclub.gent/programma.php
Café de Loge,2026-09-06,The Small Ships,,"he Small Ships is het muzikale alter ego van de Schotse singer-songwriter Kenneth Brownlie . Vanuit zijn thuisbasis in Mechelen schrijft Brownlie nummers die zich ergens tussen folk, roots, indie en jazz bevinden. Samen met pianist, producer en alleskunner Olaf Janssens brengt The Small Ships…",https://www.uitinvlaanderen.be/agenda/e/the-small-ships/04088a30-8ac7-4b4f-bbc7-87aec5fc79d6
Café de Loge,2026-09-09,Kathleen Vandenhoudt & Bruno Deneckere,,"Bruno Deneckere is al decennialang een vaste waarde in de Belgische roots- en singer-songwriterscene. Een rasverteller bovendien die zich moeiteloos tussen folk, country, blues en Americana beweegt. Kathleen Vandenhoudt is een van de meest authentieke stemmen uit de Belgische blues- en rootswereld.…",https://www.uitinvlaanderen.be/agenda/e/kathleen-vandenhoudt-bruno-deneckere/2409eede-fcca-421e-bb78-1e34d9d67072
Geheel de Uwe,2026-09-12,Live in Geheel de Uwe: Matching Outfits,,"Op zaterdag 12 september komt de Berlijnse band Matching Outfits optreden in Geheel de Uwe!  Het trio, bestaande uit Linnea Mårtensson, Rachel Glassberg en Leah Corper, maakt indie pop om lekker op te dansen en soms bij weg te dromen.   Bent u net zou benieuwd als wij? Start rond 20.00 uur. Het…",https://www.uitinvlaanderen.be/agenda/e/live-in-geheel-de-uwe-matching-outfits/9385584c-5b97-4f2b-b1cd-7fd87fc140e1
Café de Loge,2026-09-13,Mensje,,"“Mijn naam is Mensje . Negentien jaar en singer-songwriter. Ik schrijf geen alledaagse pop of zoetsappige liefdesliedjes. Ik vertel verhalen. Mijn muziek is openhartig, rauw en soms confronterend. Ik schrijf over wat het betekent om een “mensje” te zijn op deze grote aardbol. Over pijn en herstel,…",https://www.uitinvlaanderen.be/agenda/e/mensje/23e93bd7-9752-4b63-a42e-90b5802a89e8
Café de Loge,2026-09-16,Wouter Bulckaert & The Velvet Underdogs,,"Auteur Wouter Bulckaert speelt samen met Ben De Troyer en Brecht Peleman songs van John Cale en The Velvet Underground , en vertelt en passant het muzikale verhaal van John Cale. De klassiek geschoolde Welshman John Cale richt samen met Lou Reed in New York The Velvet Underground op. Tijdens zijn…",https://www.uitinvlaanderen.be/agenda/e/wouter-bulckaert-the-velvet-underdogs/89ba5454-8904-4165-9b81-be046137ee25
Geheel de Uwe,2026-09-17,GDU Open Mic September,,"Op donderdag 17 september staat de maandelijkse GDU Open Mic op de planning! Bij onze open mic krijg je 10 minuten om je talenten te tonen! Start tussen 20.00 en 20.30!  We hebben ongeveer 12 plekjes en die zijn snel gevuld, dus schroom niet en schrijf je in op de website of stuur ons een DM.   Het…",https://www.uitinvlaanderen.be/agenda/e/gdu-open-mic-september/ce0eec40-1de1-4444-9284-39de00f68eb0
Geheel de Uwe,2026-09-18,"Live in Geheel de Uwe i.s.m. Luminous Dash: We, who live",,"Op vrijdag 18 september nodigt @luminous_dash_musiczine We, Who Live uit in Geheel de Uwe.   Onder de naam We, Who Live maakt Joke Herremy warme, kwetsbare en meeslepende songs. Ze gaat in haar werk op zoek naar authenticiteit en echte connectie, dus dat belooft een mooi optreden te worden!   Start…",https://www.uitinvlaanderen.be/agenda/e/live-in-geheel-de-uwe-i-s-m-luminous-dash-we-who-live/70651bd4-24b5-4abd-a84c-5b8084718dfd
Café de Loge,2026-09-20,Fred Angst,,"50 jaar geleden stond Gerry Vergult voor het eerst op een podium. Het was het begin van een grillige, onvoorspelbare en eigenzinnige carrière. De uitdrukking ‘niet voor één gat te vangen’ is op niemand meer van toepassing dan op Vergult. Zijn parcours was ‘off the beaten track’, zijn keuzes…",https://www.uitinvlaanderen.be/agenda/e/fred-angst/4eac5372-f45f-4987-8d14-f633470568d3
Zaal Goedleven,2026-11-28,James Walsh,alternative,"James Walsh brak begin jaren 2000 door als frontman van Starsailor, waarmee hij grote successen behaalde dankzij het succesvolle debuutalbum Good Souls , een NME Award en internationale tournees. Ook na de reünie blijft de band populair, terwijl Walsh daarnaast een succesvolle solocarrière heeft…",https://www.uitinvlaanderen.be/agenda/e/james-walsh/b4930e14-9a6c-4494-bf69-bf153b839a3d
Muziekcentrum Kinky Star,2026-11-28,Ulrikes Dream en The End of Ernie in Kinky Star,,"Ulrikes Dream is een Nederlandstalige punkband uit Leuven die al sinds 1997 een eigenzinnige mix van punk en metal brengt: hard, snel en compromisloos. Wat ooit begon in een Leuvens jeugdhuis, groeide in de loop der jaren uit tot een vaste waarde binnen de Belgische underground. Door onafgebroken…",https://www.uitinvlaanderen.be/agenda/e/ulrikes-dream-en-the-end-of-ernie-in-kinky-star/2cf9a680-7861-4acd-9b8b-8486dafbba4e
Missy Sippy,2026-09-10,IRE,,Summer break is over. Dive into Missy Sippy’s fresh concert season.,https://www.eventbrite.be/e/missy-sippy-september-26-tickets-1998967168612
Missy Sippy,2026-09-11,Humanga Danga • Twangamajig Release Show,,Summer break is over. Dive into Missy Sippy’s fresh concert season.,https://www.eventbrite.be/e/missy-sippy-september-26-tickets-1998967169615
Missy Sippy,2026-09-13,Les Schtroumpfs,french,Summer break is over. Dive into Missy Sippy’s fresh concert season.,https://www.eventbrite.be/e/missy-sippy-september-26-tickets-1998967171621
Missy Sippy,2026-09-17,Pragana & The Super Ginga,,Summer break is over. Dive into Missy Sippy’s fresh concert season.,https://www.eventbrite.be/e/missy-sippy-september-26-tickets-1998967160588
Missy Sippy,2026-09-21,Dandy Davy,Belgian music,Summer break is over. Dive into Missy Sippy’s fresh concert season.,https://www.eventbrite.be/e/missy-sippy-september-26-tickets-1998967160588
Missy Sippy,2026-09-22,LUMINOUS DASH presents MISSY GOES UNDERGROUND PHOKOV + AGATAN SAKS,,Summer break is over. Dive into Missy Sippy’s fresh concert season.,https://www.eventbrite.be/e/missy-sippy-september-26-tickets-1998967160588
Missy Sippy,2026-09-24,Mise En Scene,electronic,Summer break is over. Dive into Missy Sippy’s fresh concert season.,https://www.eventbrite.be/e/missy-sippy-september-26-tickets-1998967160588
Missy Sippy,2026-09-27,Black Label,hard rock,Summer break is over. Dive into Missy Sippy’s fresh concert season.,https://www.eventbrite.be/e/missy-sippy-september-26-tickets-1998967160588
Missy Sippy,2026-09-29,Picking Combo feat. Zulema Hechavarria Blanco,,Summer break is over. Dive into Missy Sippy’s fresh concert season.,https://www.eventbrite.be/e/missy-sippy-september-26-tickets-1998967160588
Wintercircus,2026-09-22,Against the War,,Gent Festival Van Vlaanderen,https://tickets.gentfestival.be/nl/buyingflow/tickets/41583/77838/
Ringo Music Bar,2026-09-11,DUBOIS,post-punk,"Van achter het drumstel naar de draaitafels.

Dubois is het alter ego van Ruben Vanhoutte, vooral bekend als drummer bij Tamino en Bazart. Op 11 september ruilt hij voor het eerst de drumstokken in voor een dj-set in Ringo.

Verwacht een eigenzinnige waaier aan stijlen, verrassende platen en vooral…",https://ringogent.be/agenda/dubois
Ringo Music Bar,2026-10-07,Milo Meskens,singer-songwriter,"Terwijl Milo Meskens de laatste hand legt aan zijn vierde album, trekt hij langs een select aantal kleine zalen voor een reeks intieme soloshows.
In Ringo laat hij voor het eerst gloednieuwe nummers horen, nog lang vóór hun officiële release. Geen band of grote productie: enkel zijn gitaar,…",https://ringogent.be/agenda/milo-meskens
Ringo Music Bar,2026-10-17,90’S ON WAX,,"Ringo is een muziekbar in centrum Gent met live bands, DJ’s, lekkere drankjes en een zorgvuldig samengestelde agenda.",https://ringogent.be/agenda/90’s-on-wax
Ringo Music Bar,2026-11-03,The Howlers,psychobilly,"Ringo is een muziekbar in centrum Gent met live bands, DJ’s, lekkere drankjes en een zorgvuldig samengestelde agenda.",https://ringogent.be/agenda/the-howlers
Wintercircus,2026-12-02,The Scratch,rock,,https://apps.ticketmatic.com/widgets/democrazy/flow/tickets?event=701380836130&l=nl#!/addtickets
Bar Lume,2026-09-28,concerts > COMPRO ORO,,Jazz and Beyond. Kom in september 2026 genieten van hemelse concerten. Bekijk geregeld onze kalender of schrijf je in voor e-mail updates.,https://www.hotclub.gent/programma.php
Bar Lume,2026-10-15,special event > JAMZ.BOND,,Jazz and Beyond. Kom in september 2026 genieten van hemelse concerten. Bekijk geregeld onze kalender of schrijf je in voor e-mail updates.,https://www.hotclub.gent/programma.php
De Centrale,2026-11-13,Lokman Ethno-Jazz Combo & Serkan,,"Lokman Ethno-Jazz Combo & Serkan viert dit jaar zijn 25-jarig bestaan. De groep brengt acht muzikanten samen met verschillende achtergronden en muzikale referenties, die al een kwarteeuw bouwen aan een eigen repertoire en geluid. Hun muziek vertrekt vanuit de Turkse volks- en klassieke traditie en…",https://www.uitinvlaanderen.be/agenda/e/lokman-ethno-jazz-combo-serkan/52ecfab8-c269-44e7-bf1b-a93b20ee140b
Arcatheater,2026-09-02,Jazz Sabbath,jazz,"Jazz Sabbath is een Brits trio dat nieuwe jazz arrangementen speelt van vroege Black Sabbath nummers. Pianist Adam Wakeman (Black Sabbath, Ozzy Osbourne, Rick Wakeman) verkent met Jazz Sabbath de grenzen tussen jazz en heavy metal. Reeds aanwezige jazzriffs worden gevolgd en nieuwe worden ontdekt…",https://www.uitinvlaanderen.be/agenda/e/jazz-sabbath/c193cf67-3f36-4691-9c91-185ff477aab2
Kasteelsite Ter Beken,2026-09-04,Muziek tussen de bloemen,,"Komende vrijdag, 4 september, nodigen we je uit voor het vierde veldconcert van dit jaar! ‘Kreis’ speelt op het veld, met Stan (accordeon), Benjamin (saxofoon) en Kobe (contrabas). Ze brengen folky jazz. Laat je meevoeren door de muziek terwijl de zon langzaam ondergaat tussen de bloemen. bar (met…",https://www.uitinvlaanderen.be/agenda/e/muziek-tussen-de-bloemen/20134afd-17e0-4429-91b2-9c5308471de0
Paulushuis,2026-09-05,Rijsenbergbuurt Buurtbal in de feestzaal van het Paulushuis.,,"Rijsenbergbuurt Buurtbal in de feestzaal van het Paulushuis. Bigband ’t Mouvement – Een swingende avond vol jazz, energie en dansbare klassiekers Bereid je voor op een avond vol ritme, swing en muzikaal enthousiasme! Bigband ’t Mouvement is een bruisend orkest met meer dan twintig gepassioneerde…",https://www.uitinvlaanderen.be/agenda/e/rijsenbergbuurt-buurtbal-in-de-feestzaal-van-het-paulushuis/d0a81815-88e1-4dc8-bb8a-5543bc82c892
Plantentuin Ugent,2026-09-09,Palmarium: Fenne Kuppens + Laura De Jongh,,"Wegens de extreme hitte werd dit concert verplaatst naar 9 september. Ticketkopers werden per mail gecontacteerd. Het laatste evenement van deze concertreeks viert twee talenten van eigen bodem. Waar ze met Whispering Sons het land al wist te overtuigen met haar innemende performance, doet de in…",https://www.uitinvlaanderen.be/agenda/e/palmarium-fenne-kuppens-laura-de-jongh/f95d5351-24a8-4fe9-8e3d-86b5a2f021a1
MIRY concertzaal,2026-09-10,"Wagner, Debussy, Brahms, Britten by Kseniia Nikolaieva",,"Red Events & Distribution Ltd presenteert met trots de Europese tournee van HYPNOTIC , een nieuw meeslepend operaproject van de internationaal gerenommeerde mezzosopraan Kseniia Nikolaieva , vaste gast en resident artist van het Royal Opera House in Londen , samen uitgevoerd met de befaamde Franse…",https://www.uitinvlaanderen.be/agenda/e/wagner-debussy-brahms-britten-by-kseniia-nikolaieva/5c615618-5ba9-4b33-9cec-e02aa09d0412
Sint-Baafs kathedraal,2026-09-10,La Bomba Flamenca,,"Schrijf je nu in op de wachtlijst! Twee jaar na zijn troonsafstand leeft Keizer Karel teruggetrokken in het klooster van Yuste, in Zuid-West Spanje. Enkele weken vóór zijn dood in 1558 organiseert hij een oefenceremonie voor zijn eigen uitvaart. Wilde hij zo graag zelf die aangrijpende en…",https://www.uitinvlaanderen.be/agenda/e/la-bomba-flamenca/4d17851c-4782-4946-a058-fdc34ce4cd07
Vooruit (concertzaal),2026-09-11,Fear Factory,industrial metal,"De industrial metal-pioniers Fear Factory hebben officieel hun terugkeer naar de Europese podia aangekondigd met de Cybernetic Domination Tour , en stoppen op 11 september in De Vooruit! De tour zal een krachtig en divers programma bevatten, waaronder de Japanse metalcore-kracht Crystal Lake , de…",https://www.uitinvlaanderen.be/agenda/e/fear-factory/cb805e4f-7077-4ad4-ab4b-7331cdb22785
Gentse binnenstad,2026-09-12,OdeGand,,"Op 12 september zet OdeGand de stad in beweging. Kies je eigen muzikale tocht bij OdeGand En Route , sluit aan bij De Karavaan van Thomas Verstraeten en Opera Ballet Vlaanderen, zing mee met Het Gevellied , of neem plaats tussen de musici van Symfonieorkest Vlaanderen tijdens de derde Symphonic…",https://www.uitinvlaanderen.be/agenda/e/odegand/2e250d6a-e7b3-4e4c-a822-5aa95cfd290b
Vooruit (concertzaal),2026-09-12,Daft Funk Live,House,"De robots zijn misschien officieel met pensioen, maar hun missie loopt gewoon door. Daft Funk Live houdt de nalatenschap van Daft Punk springlevend met een show die gevaarlijk dicht in de buurt komt van het echte werk. Geen goedkope cosplay, wel een tot in de puntjes uitgewerkte liveshow met echte…",https://www.uitinvlaanderen.be/agenda/e/daft-funk-live/da1c03d5-a465-4473-a0e7-2751ba87d84a
Sint-Baafsabdij,2026-09-13,Vrouwen aan het woord: concert Hella in de Sint-Baafsabdij,,"Eeuwenoude ruïnes — stoffig en stil? Niet met Hella. Tijdens Open Monumentendag brengen deze vier stemmen het erfgoed opnieuw tot leven. Waar vroeger de mannen het voor het zeggen hadden in de abdij, komen nu vier vrouwen aan het woord. De a capella groep Hella brengt een concert waarin ze…",https://www.uitinvlaanderen.be/agenda/e/vrouwen-aan-het-woord-concert-hella-in-de-sint-baafsabdij/2106b555-9e41-48d5-ba3d-c4e5a95fd112
IOA - Podiumroom,2026-09-13,CasAperta Muzieksalon voor mensen met dementie en hun naasten,,Een samenwerking met HOGent Conservatorium In CasAperta Muziek Salon verwelkomen we duo’s: een naaste samen met een persoon met (jong)dementie. Laat even iets weten als je plant te komen. Ontvangst vanaf 14.00U. Het concert start om 14.30U en wordt rond 16u00 gevolgd door een lekkernij. We ronden…,https://www.uitinvlaanderen.be/agenda/e/casaperta-muzieksalon-voor-mensen-met-dementie-en-hun-naasten/9d9e626b-06fb-4788-8899-4216d276e4f3
Borluutpark,2026-09-13,Korpus Kwartet met de voorstelling WALD,,Een primeur in Gent: Korpus Kwartet brengt de voorstelling WALD in het Borluutpark. Weinig instrumenten die in hun oorsprong zo verweven zijn met het bos als de hoorn. Daarom brengen vier jonge Belgische hoornisten van het Korpus Kwartet in deze voorstelling het instrument terug naar zijn roots.…,https://www.uitinvlaanderen.be/agenda/e/korpus-kwartet-met-de-voorstelling-wald/8f4f8665-a230-4283-b2b7-0e1bcd0ed894
De Gang,2026-09-13,Live in De Gang : Roland & Pieter-Jan De Smet,,"Roland voorstellen hoeft niet meer.  Hij is één van de peetvaders van de Belgische muziekscene en is een levende legende op zichzelf.  Gedurende zijn carrière toerde hij met Rory Gallagher, Barclay James Harvest, James Booker, Louisiana Red en vele andere rock- en bluesacts. Hij bracht ook een hele…",https://www.uitinvlaanderen.be/agenda/e/live-in-de-gang-roland-pieter-jan-de-smet/06bd6b27-dd24-440d-ad05-08641eab9f3a
Ha Concerts,2026-09-15,Benefietconcert Stef Bos,,"Naar ondertussen jaarlijkse traditie speelt Stef Bos op 15 september een benefietconcert ten voordele van de burgerschapsreis van de 6e-jaars van Keerpunt Gent, een middelbare freinetschool. Dit jaar gaat de reis naar Gambia, waar de leerlingen van het 6e jaar drie weken lang vrijwilligerswerk…",https://www.uitinvlaanderen.be/agenda/e/benefietconcert-stef-bos/2049cd98-56de-494b-86fc-903c6f472aed
MIRY concertzaal,2026-09-15,Rough Surfaces,,"De samenwerking tussen European Chamber Music Academy, KASK & Conservatorium en Gent Festival is intussen een vaste waarde binnen het festivalprogramma. Elk jaar krijgt die samenwerking een nieuwe artistieke invulling, met internationale topensembles en een programma waarin traditie en vernieuwing…",https://www.uitinvlaanderen.be/agenda/e/rough-surfaces/44df15d5-c6e5-4bda-a406-5cbab84652ab
Minardschouwburg,2026-09-15,Ciska Ciska,indie folk,"Ciska Ciska is het project rond Gentse singer-songwriter Ciska Dhaenens, die met breekbare kracht en een gouden stem recht naar binnen zingt. Met subtiele gitaren, spaarzame piano en beheerste drums bouwt ze een intieme, dromerige wereld waarin kwetsbaarheid in het midden staat — tot het plots…",https://www.uitinvlaanderen.be/agenda/e/ciska-ciska/68404e5b-ced2-4050-80e9-098b412872ff
Logos tetraëder,2026-09-16,Logos Robotokest - een nieuw begin,,,https://www.uitinvlaanderen.be/agenda/e/logos-robotokest-een-nieuw-begin/4c1891b7-d4d1-49cf-b744-80ca2f073ab1
NTGent Schouwburg,2026-09-16,Einstein on the Beach,,"""These Are the Days , My Friend ."" Collegium Vocale, Ictus en Moor Mother maken tijd voelbaar tijdens een unieke muzikale trip. Midden jaren zeventig markeert Einstein on the Beach een radicale breuk met wat opera tot dat moment was. Philip Glass en Robert Wilson maken geen werk over het leven van…",https://www.uitinvlaanderen.be/agenda/e/einstein-on-the-beach/ab9fce38-9ea0-4411-9426-f0a9e3f16286
NTGent Schouwburg,2026-09-16,Einstein on the Beach,,"“These Are the Days, My Friend.” Collegium Vocale, Ictus en Moor Mother maken tijd voelbaar tijdens een unieke muzikale trip. Midden jaren zeventig markeert Einstein on the Beach een radicale breuk met wat opera tot dat moment was. Philip Glass en Robert Wilson maken geen werk over het leven van…",https://www.uitinvlaanderen.be/agenda/e/einstein-on-the-beach/cc0a2513-55a4-415e-b4ef-a44a042374ff
Concertzaal Muziekcentrum De Bijloke,2026-09-18,Tsjaikovski & Sjostakovitsj,,"Met zijn rijke traditie is het Koninklijk Filharmonische Orkest van Luik een speler op internationaal niveau. Vorig seizoen gooiden ze hoge ogen van Amsterdam tot Aix-en-Provence. En nu dus in Gent! In dit programma brengt het orkest twee Russische reuzen bij elkaar, maar een groter contrast tussen…",https://www.uitinvlaanderen.be/agenda/e/tsjaikovski-sjostakovitsj/361b860a-fef2-4e61-9966-d464d150a3d1
Walstraat (WZC De vijvers ),2026-09-19,Aperitiefconcert,,Harmonie Echo der Leie brengt een aangenaam aperitiefconcert voor bewoners en iedereen die daar zin in heeft.,https://www.uitinvlaanderen.be/agenda/e/aperitiefconcert/e61431d0-bd01-45f7-bd70-1f4357841403
"Conservatorium, Achtersikkel",2026-09-19,Kamerkoor Cantatille start-to-sing,,Kamerkoor Cantatille uit Rupelmonde doet mee met Start to Sing,https://www.uitinvlaanderen.be/agenda/e/kamerkoor-cantatille-start-to-sing/3cf8cddd-c678-4788-bb19-2c55c50cbad8
Kalandenberg,2026-09-19,Kick-off Start-to-sing,,Het koor Bekoord neemt deel aan de kick-off van start-to-sing in het centrum van Gent. Allen daarheen!,https://www.uitinvlaanderen.be/agenda/e/kick-off-start-to-sing/4b548759-6456-4ba5-9dbe-63e38813f704
Sint Niklaaskerk,2026-09-19,Bach Concerts Ghent: Orgelconcert door Jan Moeyaert,,De Bachconcerten zijn een reeks orgelconcerten in de Sint-Niklaaskerk in het hart van Gent. Elke derde zaterdag van de maand om 16u kan je genieten van een uniek programma waar de monumentale orgelwerken van Johann Sebastian Bach centraal staan. Deze concerten worden georganiseerd in afwachting van…,https://www.uitinvlaanderen.be/agenda/e/bach-concerts-ghent-orgelconcert-door-jan-moeyaert/24fa7d4e-36ee-4ed2-8b5f-fd1592a59bff
MIRY concertzaal,2026-09-19,Hayao Miyazaki’s Dromen door MaaT,,"Op 19 september om 20.00 uur vindt een uniek concert plaats in de prachtige MIRY Concertzaal in Gent . Beleef de magische werelden van Howl’s Moving Castle , Nausicaä of the Valley of the Wind , Spirited Away en My Neighbor Totoro door de onvergetelijke muziek van de legendarische Japanse componist…",https://www.uitinvlaanderen.be/agenda/e/hayao-miyazaki-s-dromen-door-maat/7535829a-d721-411e-8e40-e9481ac03914
De Gang,2026-09-19,Live jazz in De Gang : Milan Verbist trio,,"Milan Verbist (°1999) is een jonge jazzpianist uit Antwerpen, België. Zijn spel wordt verrijkt door de invloeden van  onder andere pianisten McCoy Tyner, Herbie Hancock, Marcin Wasilewski, Wynton Kelly, Bobo Stenson, Don Pullen… In 2023 werd Milan geselecteerd om deel uit te maken van 'De…",https://www.uitinvlaanderen.be/agenda/e/live-jazz-in-de-gang-milan-verbist-trio/5606a22f-f9a2-4260-91b1-8c238ac6c527
Concertzaal Muziekcentrum De Bijloke,2026-09-19,Alcide – De triomf van Hercules,villarreal,"Voor zijn tiende verjaardag duikt ensemble a nocte temporis in het repertoire waarin het excelleert en blaast het stof van de zelden gehoorde opera Alcide van Marin Marais en Louis Lully. Voor de jonge Marin Marais, die we vooral kennen als gambavirtuoos en componist van sublieme kamermuziek, was…",https://www.uitinvlaanderen.be/agenda/e/alcide-de-triomf-van-hercules/ee8c76b3-cad2-423c-a07a-ca4f0985677f
Sint-Catharinakerk,2026-09-19,Towards Kreisleriana,,"Wanneer ik speel voelt het alsof ik connecteer met verleden, zo omschrijft Michiel Demarey het zelf. Michiel is autodidact die op jonge leeftijd begon met het spelen van muziek op het gehoor. Later studeerde hij aan het conservatorium onder begeleiding van pianist Vitaly Samoshko, de eerste…",https://www.uitinvlaanderen.be/agenda/e/towards-kreisleriana/8f8c5cf7-8b0e-4db0-b7a4-5087d20dcaf4
De Koer,2026-09-18,De Verjaardag - 10 jaar de Koer!,,"▻ De Verjaardag - 10 jaar de Koer! GRATIS ⓘ https://dekoer.be/programma/de-verjaardag/ ──── 10 jaar de Koer met een feestelijke collectie van bowling, karaoke, cabaret, quizcafé, souvenirs en veel muziek! De muzikale line-up geven we hieronder alvast prijs, het volledige programma volgt in…",https://www.uitinvlaanderen.be/agenda/e/de-verjaardag-10-jaar-de-koer/95f00e43-94dd-45b0-b94c-e068c68ce30f
Sint-Baafsabdij,2026-09-20,Duister en licht,,"Het concert bevat liederen en poëzie rond het thema oorlog en vrede. Heel uiteenlopende genres komen aan bod (chanson, jazz, klassiek...) , poëzie en liederen van verschillende landen, van verschillende tijden. We vertolken de duisternis van de oorlog en evolueren naar een hoopvol einde.",https://www.uitinvlaanderen.be/agenda/e/duister-en-licht/5fd07c98-bffc-4aec-9317-f0ea427ff5d3
Houtdok,2026-09-20,FUJIKINA Ghent 2026,,"In september strijkt Fujifilm’s internationale foto- en video-event neer in Gent! Voor deze editie transformeren spraakmakende fotografen een oude, verlaten fabriek aan het Houtdok tot hun creatieve speeltuin. Verwacht je aan een weekend vol hands-on workshops, inspirerende live talks, portfolio…",https://www.uitinvlaanderen.be/agenda/e/fujikina-ghent-2026/5ecabce2-157e-47c5-b6fb-2bde061b3fb4
Gentse binnentuinen,2026-09-20,Whispering Leaves,,"Tijdens de zesde editie van Whispering Leaves ritselen de blaadjes in zes tuinen in Sint-Amandsberg – ooit een trotse bloemengemeente, vandaag het decor voor een intiem stadsfestival. De stem is overal aanwezig: fluisterend, vertellend, zingend. Van romantische liederen en singer-songwriters, tot…",https://www.uitinvlaanderen.be/agenda/e/whispering-leaves/69ce7873-42eb-4240-9989-b7fb6a533a2b
Sint-Bernadettekerk,2026-09-23,Start To Sing Open repetitie,,"Kom kennis maken met onze enthousiaste zangers van Cum Splendore. Jij kan er ook deel van uitmaken! In een ontspannen sfeer genieten we van het samen zingen. Liederen van verschillende genres, periodes. kortom SAMEN MUZIEK MAKEN",https://www.uitinvlaanderen.be/agenda/e/start-to-sing-open-repetitie/1075ecff-34cc-4ab1-979c-b9bccb6c8732
MIRY concertzaal,2026-09-24,Quatuor pour la fin du temps,,"Olivier Messiaen schreef zijn Quatuor pour la fin du temps toen hij kort na het begin van de Tweede Wereldoorlog als Franse krijgsgevangene in een Duits kamp zat. In dat kamp, Stalag VIII A in Görlitz, vond ook de eerste uitvoering plaats. Voor dit indringende en door zijn bijzondere…",https://www.uitinvlaanderen.be/agenda/e/quatuor-pour-la-fin-du-temps/9a280f8d-85c6-4eea-8291-9265c1883780
Ensemble,2026-09-25,Tuinconcert SEIZOENSFINALE | Goeie Vraag | Pieter Mortier | Liar/Liar,,"Het  seizoen zit er op, dit is het laatste gratis vrijdagavond concert van  dit jaar.. En daarvoor halen we nog eens alles uit de kast! Met niet  een, niet twee, maar DRIE topartiesten. De bar is open vanaf 16 uur. Goeie Vraag! om 18 uur Goeievraag!  is een band met Gentse roots, die zich verdiept…",https://www.uitinvlaanderen.be/agenda/e/tuinconcert-seizoensfinale-goeie-vraag-pieter-mortier-liar-liar/dff269db-7802-4979-81dc-043fda7e60da
MIRY concertzaal,2026-09-25,L'Histoire du soldat,,"Een unieke samenwerking leidde vorig jaar tot een van de grote successen van de Salzburger Festspiele. Het beroemde Salzburger Marionettentheater vroeg aan kunstenaar Georg Baselitz, de in april van dit jaar overleden éminence grise van het moderne Duitse expressionisme, om de poppen en het decor…",https://www.uitinvlaanderen.be/agenda/e/l-histoire-du-soldat/87996786-c6ed-4c89-a8c4-8da445698b9e
De Centrale,2026-09-25,The Neighborhood Kids,punk,"The Neighborhood Kids is een geëngageerd hiphoptrio uit San Diego (CA) dat bekendstaat om energieke liveshows, pittige teksten en een uitgesproken, activistische boodschap. Verde , Amon the MC en DJ JG combineren strijdlustige lyrics met een aanstekelijke mix van hiphop, punk en soul.  Hun stijl…",https://www.uitinvlaanderen.be/agenda/e/the-neighborhood-kids/51706c67-b04e-4931-b8c3-47785f2985ff
Chinastraat,2026-09-26,Le noir de l’étoile - Ictus,,"Sterrenensemble brengt duizelingwekkende kosmische beats

“Wanneer muziek erin slaagt tijd op te roepen, krijgt ze een haast sjamanistische kracht.” Met ‘Le noir de l’étoile’ maakt Gérard Grisey die gedachte hoorbaar. Het vertrekpunt zijn pulsars: compacte resten van geëxplodeerde sterren, een…",https://www.uitinvlaanderen.be/agenda/e/le-noir-de-l-toile-ictus/62ddc55d-c0e6-4136-ba2e-f0a29ce0c75b
Concertzaal Muziekcentrum De Bijloke,2026-09-26,Matthias Goerne & Camerata RCO,,"De Duitse bariton Matthias Goerne is een van de meest begenadigde liedzangers van onze tijd. Hij komt naar Gent met een selectie uit het omvangrijke Hollywood Songbook dat Hanns Eisler schreef in Los Angeles, toen hij daar samen met zoveel andere Duitse kunstenaars en intellectuelen in ballingschap…",https://www.uitinvlaanderen.be/agenda/e/matthias-goerne-camerata-rco/ac0d5990-bcd3-4c2d-ba2b-1890ead0c766
Industriemuseum,2026-09-25,Industriefestival in het Industriemuseum,,"Feest! Het Industriemuseum bestaat 50 jaar. En dat vieren we met een heus Industriefestival. We halen een weekend lang alles uit de kast en laten onze indrukwekkende fabriek daveren op zijn grondvesten. Stip het laatste weekend van september alvast aan in je agenda! We laten je proeven van expo’s,…",https://www.uitinvlaanderen.be/agenda/e/industriefestival-in-het-industriemuseum/5f992fa4-9ded-4a52-a24e-7782edf680b9
Palmarium UGent,2026-09-27,24 Preludes en fuga's bij zonsopgang,,"In deze festivaleditie zijn muziek en het tijdsgewricht voortdurend met elkaar in gesprek. We sluiten af, bij het krieken van de laatste festivaldag, terwijl de rest van de stad nog slaapt, met een van de meest tijdloze werken van Dimitri Sjostakovitsj. Hier geen epische knieval voor het…",https://www.uitinvlaanderen.be/agenda/e/24-preludes-en-fuga-s-bij-zonsopgang/8df6af8c-bf14-4175-b8ad-0bad99b1ef1e
Muziekkiosk,2026-09-27,"""Harmonie Zevergem on tour"" - Kouterconcerten, Gent",,"Harmonie Zevergem schittert op de Kouter! Kom op zondag 27 september van 10.30 tot 12.00 uur genieten van een gratis concert tijdens de gezellige bloemenmarkt in Gent. Een gevarieerd programma vol bekende melodieën en verrassende muzikale parels. Kortom, een unieke kans die je niet mag missen!",https://www.uitinvlaanderen.be/agenda/e/harmonie-zevergem-on-tour-kouterconcerten-gent/9f4fa367-f19c-45af-9470-e98e178ca805
Sint-Baafsabdij,2026-09-27,Lauden,,"Het Naka Quartet is een jong, internationaal strijkersensemble, verblijvend in Belgie. Het ensemble won begin dit jaar de Supernova van radio KLARA. Zi jspeelden al in o.a. Flagey, Bozar en Singel en op vele festivals in Frankrijk. Hun repertoire bestaat uit kamermuziek van zowel de grote namen uit…",https://www.uitinvlaanderen.be/agenda/e/lauden/7b87560d-9ca2-47fd-b1cc-8af8e08656f6
Muziekcentrum De Bijloke Gent,2026-09-27,"MiXMONK Supreme - Cd-opname met Joey Baron, Bram De Looze & Robin Verheyen",,"Drie uitzonderlijke talenten nemen hun derde cd op, en daar kan jij gewoon bij zijn

Twee dagen resideren ze in ons mooie huis, op dag 3 ben je welkom voor een concert dat live op cd komt. Jazeker, ‘MiXMONK Supreme’ wordt een ode aan John Coltrane, die dit jaar 100 zou worden. Maar het is vooral…",https://www.uitinvlaanderen.be/agenda/e/mixmonk-supreme-cd-opname-met-joey-baron-bram-de-looze-robin-verheyen/aaa68000-1cf3-427e-81ed-2bde0315a585
Minardschouwburg,2026-09-29,Charlie Cunningham,singer-songwriter,"Op 29 september komt Charlie Cunningham in de Minard zijn nieuwste album In Light voorstellen. Charlie Cunningham is zo’n artiest die je misschien niet meteen overal ziet opduiken, maar ondertussen wél de grote zalen verovert. Hij switcht moeiteloos tussen piano en zijn nylon-snarige gitaar en…",https://www.uitinvlaanderen.be/agenda/e/charlie-cunningham/a4f5d78c-96ba-4e3f-aa82-8d61957f1339
Sint-Baafshuis,2026-10-01,Exclusive piano lie down concert,,"Kies een matje en schik je kussen onder je hoofd. Maak je klaar om een uur lang je hoofd leeg te maken en weg te dromen tijdens dit ligconcert. Verwacht een uniek ononderbroken muzikaal verhaal waarin rust, spanning, muzikale thema’s en dynamiek je een uur lang meevoeren. Een moment van rust,…",https://www.uitinvlaanderen.be/agenda/e/exclusive-piano-lie-down-concert/cd8bc829-846f-4b8e-9aa4-82e4e0bd9ae4
Muziekcentrum De Bijloke Gent,2026-10-01,Monteverdi’s Mariavespers - InAlto,,"InAlto liet een renaissance-orgel bouwen om de ‘Mariavespers’ te spelen zoals Monteverdi ze zelf heeft gehoord. Spoiler: dit werkt!

Wat doe je om de balans van Monteverdi's ‘Vespro della Beata Vergine’ precies juist te krijgen? Terug naar de bron, dacht InAlto, en het liet een exacte kopie bouwen…",https://www.uitinvlaanderen.be/agenda/e/monteverdi-s-mariavespers-inalto/38aed7e7-242f-4bd7-a116-bb4e825202c1
Muziekcentrum De Bijloke Gent,2026-10-02,Tsjajkovski 5 - Elisabeth Brauss & Symfonieorkest Vlaanderen,,"Max Richter, Beethoven en Tsjajkovski op het programma, Elisabeth Brauss achter de toetsen: dat zijn vier sterren op één concert

Dertien jaar lang koesterde de steenrijke zakenvrouw en mecenas Nadezjda von Meck een grenzeloze bewondering voor Tsjajkovski. Ze wisselden meer dan 1200 brieven uit,…",https://www.uitinvlaanderen.be/agenda/e/tsjajkovski-5-elisabeth-brauss-symfonieorkest-vlaanderen/20ff1516-a682-4300-a3c1-ab292c83f4bd
Schouwburg De Minard (via ingang Korianderstraat),2026-10-02,Jubileumconcert tvv Hand in Hand,,Voor dit benefietconcert ten voordele van Hand in Hand brengt sopraan Emma Posman een bijzonder ensemble samen van coryfeeën uit het Gentse muziekleven en laureaten van de Lions Muziekwedstrijd. Het programma combineert klassieke en licht-klassieke muziek met een vleugje show: van opera-aria’s van…,https://www.uitinvlaanderen.be/agenda/e/jubileumconcert-tvv-hand-in-hand/0045d383-08d8-44fa-bdae-52b0ad9fc470
Hartetroef,2026-09-02,123-Piano,,"Save the date 123-piano 2026 Voor sommigen voelt het als een eeuwigheid geleden, voor       anderen alsof het nog maar gisteren was…  Maar één ding is zeker: het is alweer tijd voor een nieuwe editie van 123-piano! Op woensdag 2 september om 18u30 trappen we opnieuw een hele maand vol muziek,…",https://www.uitinvlaanderen.be/agenda/e/123-piano/ee9c7d3f-1e57-4579-b201-869817b816e0
Ha Concerts,2026-10-02,Tiny Tunes: Iqnovara,,"Jazz onder de Indiase zon Ken je dat, Indiase muziek? Ze klinkt alsof ze wakker wordt met de zon. Eerst rustig, met lange zingende tonen, en dan groeit ze stap voor stap, tot een wervelend klankavontuur. Dat kan heel vrolijk klinken, maar ook dromerig of een beetje mysterieus. De Belgische gitarist…",https://www.uitinvlaanderen.be/agenda/e/tiny-tunes-iqnovara/c86939fb-e13e-4546-8adf-2bd19889e61a
Design Museum Gent,2026-10-03,Helena Casella,Belgium,"Helena Casella is een Belgisch-Braziliaanse componiste en zangeres die opgroeide in een muzikaal gezin. Ze combineert genres als neo-soul, jazz en Braziliaanse ritmes tot een heel eigen, organisch geluid waarin live instrumenten centraal staan. In maart 2025 bracht ze haar geprezen debuutalbum Pit…",https://www.uitinvlaanderen.be/agenda/e/helena-casella/71e36335-f9d6-45b4-a1ad-be77b4012ef8
Design Museum Gent,2026-10-03,PiP & Ambroos De Schepper,,"Pepijn Gyssels (PiP) en Ambroos De Schepper leerden elkaar van dichtbij kennen als huisgenoten toen Pepijn in 2021 naar Brussel verhuisde. Omdat ze elkaars muzikale aanpak en interesses bleven volgen, ontstond het idee om samen te werken op een heel spontane manier. Toen Ambroos op een dag bij…",https://www.uitinvlaanderen.be/agenda/e/pip-ambroos-de-schepper/9f6ec4ae-bb77-4e12-bad1-c8925c72aeab
Design Museum Gent,2026-10-03,Lander & Adriaan,experimental,"Lander & Adriaan is de bruisende muzikale symbiose tussen drummer Lander Gyselinck en toetsenist Adriaan Van de Velde. Wat tijdens de lockdown begon als een gedeelde liefde voor '90s synths en underground dance, groeide uit tot een niet te stoppen rave-trein. Hun 360°-liveshows, waarin ze jazz…",https://www.uitinvlaanderen.be/agenda/e/lander-adriaan/58aab766-bed4-4779-bc72-9137876d70e1
Design Museum Gent,2026-10-02,Radio Ruit live,,"Radio Ruit is een Gentse online communityradio met thuisbasis in kunstruimte 019. Sinds 2020 geven ze creatievelingen, collectieven, muzikanten en dj’s er een plek in de ether en nu ook achter onze draaitafels. Laat je meeslepen door de uiteenlopende stijlen en duik mee de avond in. 02.10.2026…",https://www.uitinvlaanderen.be/agenda/e/radio-ruit-live/dfbb2d6b-c3d5-4936-9a5f-aea09c6336e2
Muziekcentrum De Bijloke Gent,2026-10-03,De rijzende ster van Rana - Beatrice Rana,,"Kristallijnen klavierklank, theatrale présence en natuurlijk haar geroemde poëtische toucher: dit wordt een vertolking om nooit te vergeten

Beatrice Rana fonkelt nu al aan het pianoheelal, maar geef het enkele jaren en ze prijkt helemaal boven in het firmament. De Italiaanse prijzenpakker maakt…",https://www.uitinvlaanderen.be/agenda/e/de-rijzende-ster-van-rana-beatrice-rana/09f3bc32-0bc1-4cab-b459-2d96ddffbc13
Sint-Baafskathedraal,2026-10-03,Galaconcert The King's Singers,,GALACONCERT The King’s Singers voorprogramma Kamerkoor Furiant o.l.v. Steve De Veirman Het meest gerenommeerde internationale vocaal ensemble ter wereld komt naar de Gentse kathedraal en bezorgt je een avond vol schoonheid en verrassende harmonie. In het voorprogramma hoort u het Kamerkoor Furiant.…,https://www.uitinvlaanderen.be/agenda/e/galaconcert-the-king-s-singers/f6438840-9476-47af-b982-8a7ca3e81227
Ha Concerts,2026-10-03,Pieter Savenberg,,"Neoklassieke piano met een verhaal Pieter Savenberg groeide uit tot een vaste waarde binnen de Belgische neoklassieke scene. Zijn pianomuziek brengt warmte en zachtheid, en nodigt je uit om even stil te vallen in een wereld die zelden vertraagt. Live vertaalt zich dat in concerten waarin stille…",https://www.uitinvlaanderen.be/agenda/e/pieter-savenberg/fb5742bc-caa9-470f-a3a7-0a8bbedc7f99
Sint-Baafskathedraal,2026-10-04,Bavoviering Bisdom Gent,,"Viering van de patroonheilige Bavo - feestelijke misviering met medewerking van het  kathedraalkoor Schola Cantorum, Jachthoorngroep Le Rallye Priesmont en Ghent District Highlanders Pipes and Drums.",https://www.uitinvlaanderen.be/agenda/e/bavoviering-bisdom-gent/ef67e473-251e-47d2-85dd-2c3048bbf1ef
Design Museum Gent,2026-10-04,Natasha Pirard,ambient,"Natasha Pirard is een Gentse muzikant die beweegt tussen historische muziektheorie en elektronisch experiment. Na haar jaren bij DEEWEE (Soulwax/2manydjs) bracht ze in 2024 het cassetteproject Dream Cycles uit, de voorloper van haar album Fernande, Cécile . Geïnspireerd door pioniers als Steve…",https://www.uitinvlaanderen.be/agenda/e/natasha-pirard/3483d470-0d08-49c9-9e47-3fedcda3c747
Ham Sessions,2026-10-04,AchterHam Session met ELLY BROUCKMANS TRIO,,ELLY BROUCKMANS trio (+ Jim Monneau cb en Matthias De Waele dr) een heruitvinding van het klassieke jazz-trio waarbij elke stem evenwaardig is.,https://www.uitinvlaanderen.be/agenda/e/achterham-session-met-elly-brouckmans-trio/69e126c0-af23-4b02-9eb0-55cce95eb6a1
Parochiekerk Sint-Bernadette,2026-10-04,concert Liedertafel ‘Oefening en Vermaak van Waalwijk en Besoijen’,,"Liedertafel ‘Oefening en Vermaak van Waalwijk en Besoijen’ is een gemengd koor van ruim 40 leden. Het is opgericht in 1860 en daarmee één van de oudste koren van Nederland. Het repertoire is veelzijdig en bestaat uit zowel klassieke- als semi-klassieke muziek, musical en moderne liederen. We geven…",https://www.uitinvlaanderen.be/agenda/e/concert-liedertafel-oefening-en-vermaak-van-waalwijk-en-besoijen/9276cae8-dd10-4f1c-8fd6-5373f16b2656
Eskimofabriek,2026-09-25,Cinema Culinair,,Cinema Culinair in Gent Van vrijdag 25 september t/m zondag 4 oktober is Cinema Culinair voor de allerlaatste keer in 2026 te beleven in België. We strijken neer in de karaktervolle Eskimofabriek in Gent voor een unieke film- en dinerbeleving. What You See is What You Eat Bij Cinema Culinair kijk…,https://www.uitinvlaanderen.be/agenda/e/cinema-culinair/e8cef514-ac38-40d9-acf6-d5c62c3252f7
Design Museum Gent,2026-10-02,Friendly Fence - Ezra Vollmeier,,"Geïnspireerd door bouwwerven als tijdelijke speelplaatsen, transformeert Ezra Vollmeier kille metalen werfhekken tot open, speelse structuren. Door de hekken te vervormen en te herschikken, ontstaan verrassende zitelementen en sculpturale banken. Zo verandert een alledaagse barrière in een…",https://www.uitinvlaanderen.be/agenda/e/friendly-fence-ezra-vollmeier/d7844c3c-4640-41b4-b97a-44549e5303dc
Muziekcentrum De Bijloke Gent,2026-10-06,Wajdi Riahi Trio - Zabonprés Sessions,french,"Pianist Wajdi Riahi presenteert zijn live-album met bassist Basile Rahola en drummer Pierre Hurty

‘Muziek kan onverwachte vormen aannemen als je ze speelt voor een publiek dat er klaar voor is.’ De Tunesisch-Belgische pianist Wajdi Riahi is ervan overtuigd dat daar een soort magische energie voor…",https://www.uitinvlaanderen.be/agenda/e/wajdi-riahi-trio-zabonpr-s-sessions/d40fb383-8cda-4dd7-8876-3d672ef3449d
Zorgcampus Glorieux,2026-10-08,Annchanté: muzikale namiddag met sopraan Ann De Winter,,"Zin in een namiddag vol prachtige muziek? Sopraan Ann De Winter neemt je als Annchanté mee langs heerlijk herkenbare en klassieke melodieën. Kom luisteren, laat je meevoeren door haar stem en geniet samen met andere muziekliefhebbers van een sfeervol optreden in de bijzondere omgeving van de kapel…",https://www.uitinvlaanderen.be/agenda/e/annchant-muzikale-namiddag-met-sopraan-ann-de-winter/8f8dd1f8-7931-4e43-b395-1ac3460e0283
Bibliotheek de Krook,2026-10-10,Fabel Fest Vlaanderen,,"Laat je betoveren. Laat de magie je leiden. Laat je inspireren. Hoe, wat, waar? Op Fabel Fest Vlaanderen , hét festival van de Nederlandstalige fantastische literatuur. Breng een hele dag door in magische sferen, woon lezingen, interviews en panels bij, geniet van performances, doe mee met de…",https://www.uitinvlaanderen.be/agenda/e/fabel-fest-vlaanderen/be2002c2-d486-484c-958b-7e024e5f9d64
MIRY concertzaal,2026-10-10,"La Création du Monde, Aperitiefconcerten 2627",,APERITIEFCONCERTEN,https://www.uitinvlaanderen.be/agenda/e/la-cr-ation-du-monde-aperitiefconcerten-2627/ff53a7fa-e35d-4745-b7ac-d369f3da364b
Design Museum Gent,2026-10-09,Viktor Rooms - In the making,,"Makers Viktor Rooms, Volmaakt, Michel Kambi, Camille Van de Catseye, Mirre Willeghems en Tria Amalia Ningsih tonen hoe objecten en ruimtes meebewegen met wat mensen nodig hebben, koesteren of doorgeven. Hun vertrekpunt? Gebruik, materiaal en identiteit. Hier zie je ontwerp in constante beweging.…",https://www.uitinvlaanderen.be/agenda/e/viktor-rooms-in-the-making/3535512f-54bd-4bca-8a5e-7c55d2b2d528
Sint Michiels Kerk,2026-10-11,Evie Moore,,PRAKTISCH 📅 Wanneer: zondag 10 oktober 🕖 Uur: 15.00 uur 📍 Waar: Sint-Michielskerk Gent 🎶 Wie: Evie Moore 🎟️ Toegang: gratis,https://www.uitinvlaanderen.be/agenda/e/evie-moore/f60b54bb-63a6-447d-b9f7-151ffaa211f1
De Centrale ,2026-10-13,the Mountain Goats,folk,"The Mountain Goats doen wat weinig bands durven: telkens opnieuw beginnen, zonder ooit hun hart te verliezen. Al meer dan dertig jaar bouwt frontman John Darnielle met zijn band aan een wereld vol meeslepende verhalen, scherpe observaties en songs die recht naar de kern gaan. Hun muziek beweegt…",https://www.uitinvlaanderen.be/agenda/e/the-mountain-goats/9e7eb713-d6d2-4e48-b84c-76d4295948c6
Ha Concerts,2026-10-14,Telehiv,jazz,"Noorse jazz met  Er lijkt iets bijzonders te broeien in de Scandinavische jazzscene. Vanuit de rijke scene van Bergen presenteert het sextet Telehiv zich met een uitgesproken eigen geluid. De groep is het nieuwe ensemble van drummer, componist en producer Øyvind Skarbø, bekend van Skarbø…",https://www.uitinvlaanderen.be/agenda/e/telehiv/54dfa8f2-85cb-4c8f-b12c-4395cf046952
Muziekcentrum De Bijloke Gent,2026-10-15,"De gezichten - Delle Donne Consort, Naomi Beeldens, Frederik Neyrinck, Teletext & Maarten",,"Een onderhuids dreigende trip door Tove Ditlevsens bestseller

In ‘De gezichten’ blikt Delle Donne Consort samen met Naomi Beeldens en Maarten Buyl in de fragiele binnenwereld van een vrouw die langzaam wegglijdt in psychische ontwrichting. Geïnspireerd door Tove Ditlevsens gelijknamige roman…",https://www.uitinvlaanderen.be/agenda/e/de-gezichten-delle-donne-consort-naomi-beeldens-frederik-neyrinck-teletext-maarten/4dbbe85d-56de-417f-a8b0-897328e1980b
Logos tetraëder,2026-10-15,Wij zijn de robots,,,https://www.uitinvlaanderen.be/agenda/e/wij-zijn-de-robots/6c0cacbe-d1ef-4279-ab96-461b35aa569e
O.L.V. Sint-Pieterskerk,2026-10-16,The Music of Harry Potter door La Chapelle Sauvage,,Op 16 oktober om 20:00 in de sfeervolle O.L.V-Sint-Pieterskerk in hartje Gent vindt een magisch concert plaats. De uil heeft je gevonden! Verdiep jezelf in de wereld van magische muziek uit de cultfantasie gebaseerd op de gelijknamige romans van J.K. Rowling — de meest betoverende gebeurtenis van…,https://www.uitinvlaanderen.be/agenda/e/the-music-of-harry-potter-door-la-chapelle-sauvage/f7ad4577-a986-466c-9344-105b87ad1fff
Muziekcentrum De Bijloke Gent,2026-10-17,Stuk Stroganoff - KIDconcert van Antwerp Symphony Orchestra,,"Een wervelende voorstelling waar ook ouders, grootouders, tantes en nonkels van smullen

Muziek van Borodin, Rimski-Korsakov en Moesorgski voor kinderen? Natuurlijk! Thee met een slok wodka, matroesjka’s en baboesjka’s, Siberische winters volgepakt met sneeuw. Maar ook: stoere notenkrakers,…",https://www.uitinvlaanderen.be/agenda/e/stuk-stroganoff-kidconcert-van-antwerp-symphony-orchestra/7a4e03e8-14f8-427a-b7eb-27131348d772
Muziekcentrum De Bijloke Gent,2026-10-18,Bach op zijn best - Cappella Amsterdam & Daniel Reuss,,"Zelden te horen en toch onmiskenbaar Bach: deze glanzende showcase wil je niet missen

Sommige concerten voelen als thuiskomen. Wanneer Cappella Amsterdam en Daniel Reuss De Bijloke binnenstappen, weet je dat het top wordt. Onze verwachtingen zitten dus zowat tegen het plafond voor deze glanzende…",https://www.uitinvlaanderen.be/agenda/e/bach-op-zijn-best-cappella-amsterdam-daniel-reuss/89fedd4d-712f-4c21-84b8-6aacf279b181
O.L.V. Sint-Pieterskerk,2026-10-18,Wereldcreatie 'Requiem for a Friend'  van  Alfons Paul de Winter,,"In 2025 componeerde A. P. De Winter een requiemmis n.a.v. het overlijden van een dierbare vriend. Deze wordt dit jaar gecreëerd op drie locaties : in Gent, Overijse en Zonhoven. Leveren hun medewerking : - het koor Sonuwe uit Zonhoven, - het Tijl Uilenspiegelkoor uit Overijse - Camerata Orpheon uit…",https://www.uitinvlaanderen.be/agenda/e/wereldcreatie-requiem-for-a-friend-van-alfons-paul-de-winter/7c0c4662-dbd5-40da-9f46-eed55dfbc365
Sint Michiels Kerk,2026-10-20,"Koor ""School nn""",oriental rock,PRAKTISCH 📅 Wanneer: dinsdag 20 oktober 🕖 Uur: 15.00 uur 📍 Waar: Sint-Michielskerk Gent 🎶 Wie: School nn 🎟️ Toegang: gratis,https://www.uitinvlaanderen.be/agenda/e/koor-school-nn/2c089871-edb2-4527-a8a4-5924f2f1d207
Ha Concerts,2026-10-20,Laniakea + Jozef Dumoulin,drone,"Jazz en elektronica in vrije baan Naast een supercluster van sterrenstelsels en het hawaiiaanse woord voor ‘oneindige hemel’ is Laniakea nu ook een gloednieuwe supergroep. De sterren aan het firmament? Jeroen Van Herzeele, Jozef Dumoulin en Nico Chkifi! Jazz, elektronica en muzikale alchemie…",https://www.uitinvlaanderen.be/agenda/e/laniakea-jozef-dumoulin/810a8039-246b-4f79-bbcf-86b4d6ba9d85
Minardschouwburg,2026-10-21,Berre,pop,"Na een indrukwekkend parcours langs uitverkochte zalen en grote festivalpodia, strijkt Berre op woensdag 21 oktober neer in Minard Schouwburg. Speciaal voor dit najaar heeft hij besloten om even gas terug te nemen en de grote producties in te ruilen voor een reeks exclusieve, intieme shows op een…",https://www.uitinvlaanderen.be/agenda/e/berre/1e4d32f2-9acc-4fe5-88d7-0b8864d236d0
Vooruit (concertzaal),2026-10-22,Dotan,indie,"Na vier geprezen albums, wereldwijde tours en een reeks internationale hits, lijkt Dotan in 2025 zijn nieuwe begin te vinden. De Nederlandse singer-songwriter laat los wie hij dacht te moeten zijn, en omarmt zowel het licht als het donker – en alles daartussenin. Zijn muziek weerspiegelt dat nieuwe…",https://www.uitinvlaanderen.be/agenda/e/dotan/8490ec47-94c0-4c12-8805-6805d22cffac
Muziekcentrum De Bijloke Gent,2026-10-23,Terri Lyne Carrington & Christie Dashiell - We Insist 2025!,,"Activisme achter de drums, soulvolle stem achter de microfoon: deze songs gaan recht naar het hart

Al haar hele leven vecht Terri Lyne Carrington van achter de drums voor sociale rechtvaardigheid, vrouwenrechten en inclusiviteit. Het was dus maar een kwestie van tijd tot de viervoudige…",https://www.uitinvlaanderen.be/agenda/e/terri-lyne-carrington-christie-dashiell-we-insist-2025/158ce3ac-5a9b-4371-87b5-8012d5b7febf
Ha Concerts,2026-10-24,Tiny Tunes: Zap Mama + K.ZIA,,Magie met moeder en dochter Wat gebeurt er als moeder en dochter de krachten bundelen? Los van haar internationaal gewaardeerde afro-geïnspireerde muziek schonk Zap Mama ons ook een creatieve kroost. Haar dochter koos onder de naam K.ZIA voor soulvolle songs in een R&B-saus. Nu brengen ze hun…,https://www.uitinvlaanderen.be/agenda/e/tiny-tunes-zap-mama-k-zia/a5322ffc-ec0e-499f-bb14-66f6b72a05ca
Muziekcentrum De Bijloke Gent,2026-10-24,Korngolds Vioolconcerto - Daniel Lozakovich & Antwerp Symphony Orchestra,,"Rijzende ster Lozakovich neemt je mee op een nostalgische reis naar Hollywoods gouden jaren

Chef-dirigent Marc Albrecht is bijzonder vertrouwd met Johannes Brahms. En dan wil je zijn overgave bij deze publiekslieveling niet missen, natuurlijk. Tijdens het componeren van zijn ‘Eerste symfonie’…",https://www.uitinvlaanderen.be/agenda/e/korngolds-vioolconcerto-daniel-lozakovich-antwerp-symphony-orchestra/b5769e85-c214-42c7-b172-c8da03486ba4
IOA - Podiumroom,2026-10-25,CasAperta Muzieksalon voor mensen met dementie en hun naasten,,Een samenwerking met HOGent Conservatorium In CasAperta Muziek Salon verwelkomen we duo’s: een naaste samen met een persoon met (jong)dementie. Laat even iets weten als je plant te komen. Ontvangst vanaf 14.00U. Het concert start om 14.30U en wordt rond 16u00 gevolgd door een lekkernij. We ronden…,https://www.uitinvlaanderen.be/agenda/e/casaperta-muzieksalon-voor-mensen-met-dementie-en-hun-naasten/d52588d4-cda9-461d-8912-d9ac1887a806
Muziekcentrum De Bijloke Gent,2026-10-25,Metropolis - Filmconcert met Wishful Singing,Progressive rock,"Een gloednieuwe live soundtrack met vrouwenstemmen en percussie voor Fritz Langs iconische prent uit 1927

Technologie die de mensheid naar de afgrond voert: ‘Metropolis’ gold in 1927 als sciencefiction, vandaag als omineuze waarzeggerij. Wishful Singing voegt aan Fritz Langs stille filmklassieker…",https://www.uitinvlaanderen.be/agenda/e/metropolis-filmconcert-met-wishful-singing/448406e3-a493-46a2-aec4-1bbeff1031ae
OLV Sint-Pieterskerk,2026-10-24,"Concert GMK: ""Kings & Queens""",,"Dit najaar brengen we met het Gents Madrigaalkoor enkele absolute toppers uit de Engelse renaissance en barok. Waan je een echte koning en koninginnen onder de meeslepende melodieën van o.a. Thomas Tallis en enkele échte publiekslievelingen, zoals: Coronation Anthems van Georg Friedrich Händel…",https://www.uitinvlaanderen.be/agenda/e/concert-gmk-kings-queens/a97e35d3-5699-43ec-b6ca-30a892369477
Anatomisch Theater - Bijlokesite,2026-10-25,Filmconcert: Fritz Langs Metropolis (1927) met live begeleiding Wishful Singing,,"Leven in een wereld met kunstmatige intelligentie, robots en sociale ongelijkheid. In de science fiction van een eeuw geleden kwam het al voorbij. De iconische klassieker Metropolis (1927) van Fritz Lang voelt actueler dan ooit. We beleven een stad in 2026, zoals Fritz Lang hem in 1927 voor zich…",https://www.uitinvlaanderen.be/agenda/e/filmconcert-fritz-langs-metropolis-1927-met-live-begeleiding-wishful-singing/6972d3f1-1b4a-4756-8ea0-d9eac97a08e1
Muziekcentrum De Bijloke Gent,2026-10-25,Craig Taborn & Peter Evans - Intiem concert in het Kraakhuis,,"Pianist Taborn en trompettist Evans delen al zeker vijftien jaar het podium. Vanavond krijg je ze uitzonderlijk nog eens in intieme setting te zien

De ster van Craig Taborn rijst snel, dus dat hij – met Peter Evans aan zijn zijde – in ons kleine Kraakhuis staat, is een unieke kans. Taborn zette…",https://www.uitinvlaanderen.be/agenda/e/craig-taborn-peter-evans-intiem-concert-in-het-kraakhuis/3c460b61-82d8-42b0-af9d-4822d8686585
Ha Concerts,2026-10-27,Ezhel,hip hop,"The Voice of Turkish Rap Ezhel mixt rap, trap en reggae tot muziek die eerlijk, rauw en vol verhalen over het leven van jongeren is. Zijn album Müptezhel (2017) werd een instant hit in Turkije en gaf een stem aan een generatie die balanceert tussen druk, dromen en de realiteit van de stad. Vandaag…",https://www.uitinvlaanderen.be/agenda/e/ezhel/f4274a50-5158-41af-b369-a47d94326cf9
NTGent Schouwburg,2026-10-29,"De opstand van de gevels - De Opera, Thomas Verstraeten",,"EEN VERKLANKING VAN DE STAD Tijdens het festival Odegand op zaterdag 12 september, zullen in Gent twee gevels zich losrukken van de huizenrij en verwisselen van plaats. Vergezeld door buurtbewoners en muzikanten komen ze elkaar in een optocht tegemoet. Thomas Verstraeten nodigt iedereen uit om dat…",https://www.uitinvlaanderen.be/agenda/e/de-opstand-van-de-gevels-de-opera-thomas-verstraeten/706b8781-a56c-44b1-8ac9-754510b7e7c5
Kunsthal Gent,2026-10-29,Elijah Fox,piano,"Elijah Fox groeide op in Durham, North Carolina, en leerde piano spelen op zijn elfde via een advertentie in de lokale krant voor een jazzjamsessie. Daar ontmoette hij Yusuf Salim, een pianist die nog met Charlie Parker had gespeeld. Later studeerde hij aan het Oberlin Conservatory en verhuisde hij…",https://www.uitinvlaanderen.be/agenda/e/elijah-fox/0a58ec1f-b299-4c58-920a-241625941a6b
Muziekcentrum De Bijloke Gent,2026-10-30,Sullivan Fortner Trio - Leave That in There,,"Ongebreidelde muzikaliteit, aanstekelijk speelplezier en een snuif onvervalst ‘New Orleans showmanship’: die Grammy’s zijn oververdiend

Die drie Grammy’s zijn al binnen, dus – voorspelling – dit wordt de laatste keer dat je Sullivan Fortner in een zaaltje van 250 man ziet. Dat Fred Hersch hem op…",https://www.uitinvlaanderen.be/agenda/e/sullivan-fortner-trio-leave-that-in-there/f7d2c622-03d4-437a-bcdc-cd8dea194475
De Centrale,2026-10-30,Hardere Aanpak,,"Hardere Aanpak is een Gents hiphopplatform gecureerd door J9RR9 & Krapuul . Wat in 2019 begon als een stampvol try-out feestje in een veel te klein, guur kot, is uitgegroeid tot een terugkerend concept dat moeiteloos volle zalen trekt. Ondertussen passeerden al meer dan 50 artiesten de revue — van…",https://www.uitinvlaanderen.be/agenda/e/hardere-aanpak/6c0c8f3c-7137-4155-af2a-a42d9d3798e4
MIRY concertzaal,2026-10-31,Tim Burton’s Universe door MaaT,,Welkom in de fantastische werelden van Tim Burton! We nodigen je uit voor een reis door de muziek die deze werelden onvergetelijk heeft gemaakt. Оp 31 oktober om 20.00u vindt een uitzonderlijk concert plaats in de sfeervolle MIRY Concertzaal in hartje Gent. Van de fonkelende verwondering van Alice…,https://www.uitinvlaanderen.be/agenda/e/tim-burton-s-universe-door-maat/094dd075-2dac-481d-9a39-7eb77c6e28bf
Muziekcentrum De Bijloke Gent,2026-10-31,བྱ་རྒོད། / Vultures - BL!NDMAN [sax] & Jamie Man 文珮玲,,"BL!NDMAN brengt een extatisch muzikaal ritueel onder een cirkelende schaduw

‘Kom op voor lawaai en pleit voor vervuiling, juichend om de onzalige fusie van dier en machine.’ Donna Haraway’s beruchte ‘A Cyborg Manifesto’ (1985) is een oproep tot radicale revolutie en viert monsterlijkheid en…",https://www.uitinvlaanderen.be/agenda/e/vultures-bl-ndman-sax-jamie-man/678e2899-385f-436a-bb52-ae1c9c7e3ae7
Ha Concerts,2026-10-31,Vijay Iyer solo,,"Absolute top op piano Vijay Iyer behoort tot de absolute top van de hedendaagse muziek. Als componist en pianist bouwde hij de voorbije drie decennia een omvangrijk en invloedrijk oeuvre uit, met 29 albums, meerdere Grammy‑nominaties en onderscheidingen als de MacArthur Fellowship, Edison en Echo…",https://www.uitinvlaanderen.be/agenda/e/vijay-iyer-solo/83dd49c2-1afe-4192-905d-db8c362eb0af
Muziekcentrum De Bijloke Gent,2026-11-01,"Hertog Blauwbaards burcht - Thomas Bauer, Katrien Baerts & Oxalys",,"Intieme make-over van Bartóks claustrofobische psychothriller

Een burcht vol geheimen, een jonge vrouw die blijft ondanks griezelige geruchten, zeven deuren die beter gesloten blijven: Bartóks beste bühnewerk is een psychologische thriller in operavorm. Oxalys brengt de eenakter in een verbluffend…",https://www.uitinvlaanderen.be/agenda/e/hertog-blauwbaards-burcht-thomas-bauer-katrien-baerts-oxalys/95943c0e-2b24-44f2-ab6e-dc247a3d5bb7
De Bijloke,2026-11-04,"Orphée et Eurydice, Christoph Willibald Gluck",,SPANNEND MUZIEKDRAMA OP FRANSE WIJZE - concertante opera Orphée et Eurydice van Christoph Willibald Gluck is volbloed Franse opera en een ijzersterk drama. Vooraanstaande solisten en koor en orkest van Opera Ballet Vlaanderen onder leiding van Francesco Corti beloven een luisterervaring van formaat.,https://www.uitinvlaanderen.be/agenda/e/orph-e-et-eurydice-christoph-willibald-gluck/8ae5e7c8-963f-439a-a0cc-52941ba540b9
Muziekcentrum De Bijloke Gent,2026-11-07,Dvořák 8 - Alexandra Soumm & Symfonieorkest Vlaanderen,,"Met veel bravoure koppelt violiste Alexandra Soumm de levenslust van Mozart en Dvořák aan de subtiliteit van Vaughan Williams

Met Allerheiligen en Wapenstilstand is november dé maand om te herinneren wat was en te gedenken wat nooit had mogen gebeuren. Vaughan Williams, getekend door de gruwelen…",https://www.uitinvlaanderen.be/agenda/e/dvo-k-8-alexandra-soumm-symfonieorkest-vlaanderen/e5544fa8-9fdf-4156-815d-dde25db3aff4
Ha Concerts,2026-11-07,"Amadou, Ribot & Smith",,"Stevig tussen jazz en textuur Drie uitgesproken stemmen uit de internationale improvisatiescene bundelen hun krachten in dit powertrio, op het snijvlak van free jazz, noise en elektro-akoestische improvisatie. Het grillige gitaaridioom van de invloedrijke Marc Ribot krijgt daarbij gezelschap van de…",https://www.uitinvlaanderen.be/agenda/e/amadou-ribot-smith/c5a39e92-27a3-42ae-998f-d4759e010ad7
Cinema Sphinx,2026-10-24,"FilemKING, het filmfestival voor en door kinderen in Gent",,"FilemKING, het filmfestival voor en door kinderen viert dit jaar zijn 10de editie, onder het thema “Flitst”. Tijdens deze feesteditie mogen verleden en toekomst vrolijk botsen. We vieren onze herinneringen, en leggen de fundamenten voor nieuwe verhalen, nieuwe stemmen en nieuwe dromen… Verwacht een…",https://www.uitinvlaanderen.be/agenda/e/filemking-het-filmfestival-voor-en-door-kinderen-in-gent/55b7087c-71d2-4268-9a9a-85cb745d6be3
Muziekcentrum De Bijloke Gent,2026-11-09,Cantus Firmus Belgica - SPECTRA,,"Als de Belgian Music Days neerstrijken in het land, springen wij met plezier mee op de kar

Eén avond, zes componisten, honderd procent België. Cantus Firmus Belgica mixt 3 Vlaamse en 3 Waalse stemmen tot een bruisende cocktail van hedendaagse muziek met iconische pioniers, gevestigde waarden en…",https://www.uitinvlaanderen.be/agenda/e/cantus-firmus-belgica-spectra/573422da-585c-4f53-bcd4-dc9307dd0e6a
Muziekcentrum De Bijloke Gent,2026-11-11,Tears into Light - Sofie Vanden Eynde & Imago Mundi,,"John Dowland ontmoet Armeense rouwmuziek in deze liefdesbrief aan de melancholie

Je moet het maar durven: componist Vladimir Gorlinsky ging aan de slag met John Dowlands ‘Lachrimae’ en verweefde de elizabethaanse parel met Armeense traditionele muziek. Resultaat: een betoverend amalgaam waarin…",https://www.uitinvlaanderen.be/agenda/e/tears-into-light-sofie-vanden-eynde-imago-mundi/bb1ece7d-704b-458b-b296-3563b36d5954
Paulushuis,2026-11-11,Katrien Verfaillie Suspension du temps,,Aanvang 20u Deuren open om 19u Voorverkoop €18 Aan de kassa €20 Uit-pas met kansentarief €4,https://www.uitinvlaanderen.be/agenda/e/katrien-verfaillie-suspension-du-temps/cfa5f171-41b1-45b5-925f-decb7b2dc654
Muziekcentrum De Bijloke Gent,2026-11-12,"Coltrane 100 - Joe Lovano, Melissa Aldana, Nduduzo Makhathini, Linda May Han Oh, Jeff 'Ta",,"Doorleefd metier, jeugdige energie, spirituele tradities: deze ode áán de grootste dóór de grootsten heeft het allemaal

Als bijna alle muzikanten al op ons podium gestaan hebben met hun eigen band, dan weet je: voor de viering van John Coltranes honderdste geboortedag is enkel een supergroep goed…",https://www.uitinvlaanderen.be/agenda/e/coltrane-100-joe-lovano-melissa-aldana-nduduzo-makhathini-linda-may-han-oh-jeff-ta/c050b8b4-8960-4c9f-a7c8-3f15f9933b63
Kunsthal Gent,2026-11-12,Tanya Donelly & Chris Brokaw,,"Tanya Donelly en Chris Brokaw doen iets wat je niet meteen ziet aankomen. Twee iconen uit de Amerikaanse indie en alternatieve scène duiken in middeleeuwse muziek en geven die een verrassend frisse touch. Tanya Donelly kan je kennen als co-founder van Throwing Muses en The Breeders , en…",https://www.uitinvlaanderen.be/agenda/e/tanya-donelly-chris-brokaw/c7d8cf31-64ec-4dc4-9955-b45dfb4d6ef0
Muziekcentrum De Bijloke Gent,2026-11-13,Het Requiem van Dvořák - Collegium Vocale Gent & Antwerp Symphony Orchestra,,"De ultieme troostmuziek door het ultieme koor en orkest

Het ontroerende ‘Requiem’ van Dvořák gaat recht naar het hart. Een subtiel leidmotief herinnert aan de alomtegenwoordigheid van de dood, oppervlakkige gebaren zijn ver te zoeken. Een moedige droefheid die nooit somber of tragisch wordt: dat…",https://www.uitinvlaanderen.be/agenda/e/het-requiem-van-dvo-k-collegium-vocale-gent-antwerp-symphony-orchestra/4a4ba021-573b-4da8-8786-1d7241b9b1e3
Ha Concerts,2026-11-13,Mary Halvorson met Canis Major,,“de minst voorspelbare improvisator van New York” City Arts “een van de meest originele jazzgitaristen van onze tijd” Bandcamp Daily “een van de meest indrukwekkende bandleiders van vandaag” Village Voice NY fenomeen op gitaar Mary Halvorson is in en buiten jazz-kringen befaamd om haar authentieke…,https://www.uitinvlaanderen.be/agenda/e/mary-halvorson-met-canis-major/eb28825c-c7ca-4173-9cc3-777080df43ba
Muziekcentrum De Bijloke Gent,2026-11-15,BIG BANG Festival - Avontuurlijk muziekfestival voor een jong publiek,,"Een hele dag lang de beste en avontuurlijkste internationale voorstellingen voor jonge oren

Het BIG BANG Festival tovert ons eeuwenoude gebouw om tot een avontuurlijk muzikaal labyrint voor jong en oud. In elk hoekje ontdek je wel iets nieuws: mysterieuze gezangen, curieuze klankinstallaties,…",https://www.uitinvlaanderen.be/agenda/e/big-bang-festival-avontuurlijk-muziekfestival-voor-een-jong-publiek/8ab8299f-e98f-4ff1-8b28-f742f97fcb37
"de Felix, danzaal",2026-11-17,Seniorenconcert RegenSpel,,Dit is een activiteit van de Gentse seniorenweek 2026. De muziekgroepen van de lokale dienstencentra De Regenboog en Speltincx treden samen op onder de naam ‘RegenSpel’. Na jaren oefenen geven gitaristen en blokfluitspelers er het beste van zichzelf. Kom dat zien en horen! Daarna ben je welkom op…,https://www.uitinvlaanderen.be/agenda/e/seniorenconcert-regenspel/9f4e773e-8345-4720-bc94-59c51c94e5e0
Ha Concerts,2026-11-18,Aynur,kurdish,"Koerdische traditie met open oren Aynur is een sleutelfiguur in de hedendaagse Koerdische muziek. Ze vertrekt vanuit traditionele volksliederen en de dengbêj‑zangstijl, maar plaatst die in een open klankwereld waarin ook jazz, klassiek en andere westerse invloeden meeklinken. Zo spreekt haar muziek…",https://www.uitinvlaanderen.be/agenda/e/aynur/df0a1984-1b5a-401e-ba2f-2a5862f0b42e
Muziekcentrum De Bijloke Gent,2026-11-19,La Dolce Stravaganza - The Counterpoints,,"Nederlandse blokfluitwizard kaapt concerti van Vivaldi

Wat doe je als blokfluitist en Vivaldi-fan bij een chronisch concerto-tekort? Je copypaste zijn viool-, hobo- en luitconcerti naar je eigen instrument! Thomas Triesschijn bewerkte een selectie uit ‘L'estro armonico’ en ‘La Stravaganza’ voor…",https://www.uitinvlaanderen.be/agenda/e/la-dolce-stravaganza-the-counterpoints/a8d030b7-42f2-4af0-a6ec-7b1981b0a919
Vooruit (concertzaal),2026-11-19,Psychonaut,Post-Metal,"Op 19 november strijkt het Belgische, psychedelische post-metalcollectief Psychonaut neer in de Vooruit in Gent. De traditionele driemansformatie bewijst al lang een compositorisch vernuft, een meeslepende diepgang en een verpletterende live-aanwezigheid te bezitten. Hiermee opereren ze in de…",https://www.uitinvlaanderen.be/agenda/e/psychonaut/a9f4af5b-60f0-4cda-b5c2-b4e6a3a4d27c
Sint-Coleta Kerk,2026-11-21,PIANO STORIES by candlelight (concert Matthias De Jaeger),,"PIANO STORIES by candlelight concert Matthias De Jaeger Tijdens Piano Stories by Candlelight neemt pianist-componist Matthias De Jaeger je mee in een bijzonder concert vol verhalen en verbeelding. Verhalen die hij vertelt via de piano, maar ook verhalen die tussen de muziek door tot leven komen —…",https://www.uitinvlaanderen.be/agenda/e/piano-stories-by-candlelight-concert-matthias-de-jaeger/293c98f8-1013-4ca6-af66-d84ad16a9040
De Bijloke,2026-11-21,Schubert 9,,WELKOM STEPHAN ZILIAS!,https://www.uitinvlaanderen.be/agenda/e/schubert-9/59010bb7-4c2c-43e2-b3f3-76e1c3870a31
Theaterzaal NTGent,2026-11-22,Lights,pop,"Dit is een activiteit van de Gentse seniorenweek 2026. Wanneer de lichten doven en de eerste klanken weerklinken, begint een verhaal waarin muziek de weg wijst van duisternis naar licht. Het symfonisch Jeugdorkest Forza Muzica voert je mee op een avond vol klank, emotie en energie. Elke noot draagt…",https://www.uitinvlaanderen.be/agenda/e/lights/33024e73-2325-4f5b-8fa8-4932825d91bf
NTG  Sint Baafsplein,2026-11-15,Seniorenweek Gent 2026,,"Een hele week leuke activiteiten voor de Gentse senior, het is een jaarlijkse traditie. Met film en theater, bezoeken en workshops. Op het programma ook een voordracht van Alain Remue, en een mediawijs jaaroverzicht waarin je leert wat er (niet) fake is in een wereld vol AI. En nog veel meer. Nog…",https://www.uitinvlaanderen.be/agenda/e/seniorenweek-gent-2026/ba9ba705-81ef-469a-ae80-814e1fb8c1a0
Muziekcentrum De Bijloke Gent,2026-11-21,ARK symfonisch - Klankennest voor baby's & peuters,,"Piano, percussie en dans roepen Stravinski’s ‘Le sacre du printemps’ op, maar wel met zachte, speelse klanken die baby’s, peuters én grote mensen verleiden

Voetjes brengen de aarde in beweging, handjes reiken naar de eerste adem van de lente. Een ritueel ontvouwt zich zachtjes. De wilde ritmes en…",https://www.uitinvlaanderen.be/agenda/e/ark-symfonisch-klankennest-voor-baby-s-peuters/3c0c3026-2b37-4685-8053-54be0564e421
Muziekcentrum De Bijloke Gent,2026-11-26,Partita & Psychedelics - Roomful of Teeth,,"Amerikaanse stemmenacrobaten negeren de grenzen tussen klassiek, indiepop en meditatief gehum

Acht stemmen die punk, postminimal en psychedelica door de blender halen: hallo, Roomful of Teeth. Het Amerikaanse vocale collectief is zowat het huisensemble van componiste Caroline Shaw geworden en…",https://www.uitinvlaanderen.be/agenda/e/partita-psychedelics-roomful-of-teeth/2157f5f8-b188-4377-a2a5-7978461e510e
Muziekcentrum De Bijloke Gent,2026-11-26,"51 Strings - Matthew Barley, Hanna Ryynänen, Dawda Jobarteh & Adriano Adewale",,"Vier snaarinstrumenten, vier culturen, één bedwelmende stream of consciousness

Matthew Barley zocht musici met wie het fijn strijken en tokkelen is, en vond Hanna Ryynänen op Finse kantele, Adriano Adewale op Braziliaanse berimbau, en Dawda Jobarteh op Gambiaanse kora. Dat maakt 51 snaren die zich…",https://www.uitinvlaanderen.be/agenda/e/51-strings-matthew-barley-hanna-ryyn-nen-dawda-jobarteh-adriano-adewale/74ca6453-cfbc-4ef0-ad87-a151ecb15d88
Muziekcentrum De Bijloke Gent,2026-11-27,four seasons changed - BRYGGEN & Jolente De Maeyer,,"Het gaat van Vivaldi via Richter naar Vandevelde in deze concertdans waarin muzikanten bewegen en dansers musiceren

Max Richter ontmantelde Vivaldi's ‘Vier seizoenen’ en bouwde er zijn eigen ground truth mee op. Michiel Vandevelde doet hetzelfde met het traditionele concertformat. BRYGGEN speelt…",https://www.uitinvlaanderen.be/agenda/e/four-seasons-changed-bryggen-jolente-de-maeyer/9ea4d08b-3267-4f4c-af53-47a213cacb20
Muziekcentrum De Bijloke Gent,2026-11-27,Tussen Pärt en Björk - Anthony Romaniuk,,"Toetsenvreter Anthony Romaniuk schakelt tussen Pärt, Björk en Radiohead alsof het de gewoonste zaak van de wereld is

Hij moet een van onze favoriete toetsers wezen: Anthony Romaniuk. Klassiek geschoold, jazz in de vingers, improvisatie in het bloed. Voor zijn album ‘On Modes’ zette hij piano naast…",https://www.uitinvlaanderen.be/agenda/e/tussen-p-rt-en-bj-rk-anthony-romaniuk/b18a2129-f86d-4c06-9197-e4b7ec8bec6d
Muziekcentrum De Bijloke Gent,2026-11-28,Aguas da Amazonia - The DOMNIQ Group,,"DOMNIQ verbouwt Philip Glass' ecovriendelijke meesterwerk tot een ritualistisch natuurportret

Ken je Dominique Vleeshouwers al, winnaar van de Nederlandse Muziekprijs en bouwer van de slapaphone? Voor deze voorstelling sloeg hij de handen in elkaar met Philip Glass voor een nieuwe versie van…",https://www.uitinvlaanderen.be/agenda/e/aguas-da-amazonia-the-domniq-group/00a3e1e9-7ee1-4408-9fad-dc8ddc3c30a1
MIRY concertzaal,2026-11-28,"Tijl Uilenspiegel, Aperitiefconcerten 2627",,APERITIEFCONCERTEN,https://www.uitinvlaanderen.be/agenda/e/tijl-uilenspiegel-aperitiefconcerten-2627/6b045757-4516-4d97-ac16-c3adf6a9b24b
Muziekcentrum De Bijloke Gent,2026-11-28,"Unplugged, Untold - Bent Van Looy & B.O.X",,"Drie soloplaten in een verrassende barokke ‘back to the future’ make over.

Bent Van Looy schreef liedjes voor Das Pop en voor zichzelf. B.O.X speelt ze op oude instrumenten. Wat klinkt als een gimmick, blijkt een revelatie: barokviool, theorbe en klavecimbel geven Van Looys songs een tweede leven…",https://www.uitinvlaanderen.be/agenda/e/unplugged-untold-bent-van-looy-b-o-x/4b83e190-65cc-4f6e-8dda-094b8d067d0e
Muziekcentrum De Bijloke Gent,2026-11-29,Chopin op Pleyel - Justin Taylor,,"Wie historische klavieren verzamelt als pokémons, speelt Chopin op een Pleyel uit 1835

Justin Taylor heeft een zwak voor historische klavieren. En wie zijn wij om die drang te willen beteugelen? Steevast koppelt Taylor repertoire aan het juiste instrument. Voor Chopin viel zijn oog op een…",https://www.uitinvlaanderen.be/agenda/e/chopin-op-pleyel-justin-taylor/05db33a9-cad8-4faf-bc86-a6817b6166b3
Miry zaal (conservatorium Gent),2026-12-01,PASKLAAR 2026 Nieuwe kamermuziek van pas afgestudeerde componisten,,Het ensemble nieuwe muziek van Luca School of Arts Leuven onder leiding van Bart  Van Beneden brengt muziek van studenten die hun opleiding in juni 2026 afrondden in de compositieklassen van de vier Vlaamse Conservatoria,https://www.uitinvlaanderen.be/agenda/e/pasklaar-2026-nieuwe-kamermuziek-van-pas-afgestudeerde-componisten/90021479-aca3-4ad0-8f1e-497d5a7b2c65
Muziekcentrum De Bijloke Gent,2026-12-01,Monteverdi’s madrigalen: il terzo libro - Concerto Italiano & Rinaldo Alessandrini,,"Als je de madrigalen van Claudio maar één keer wil horen, laat het dan vanavond zijn

Weinigen kennen Monteverdi's madrigalen beter dan Rinaldo Alessandrini: dertig jaar toewijding spreekt voor zich. In zijn derde bundel hoor je de 25-jarige componist zijn dichters kiezen met chirurgische precisie:…",https://www.uitinvlaanderen.be/agenda/e/monteverdi-s-madrigalen-il-terzo-libro-concerto-italiano-rinaldo-alessandrini/60cedaa5-51e9-42c0-bb3a-deff2edff3c2
Muziekcentrum De Bijloke Gent,2026-12-02,Julien Tassin / Erwin Vann / Jean-Marc Butty - Inner Forest,Belgium,"Gitarist Julien Tassin dook de studio in met twee getrouwen van PJ Harvey: producer John Parish en drummer Jean-Marc Butty

Met zijn nieuwe trio slaat gitarist Julien Tassin aan het dromen. In heerlijk vertragende, spirituele muziek, dat zeker. Maar ook in zijn gedroomde samenwerking met producer…",https://www.uitinvlaanderen.be/agenda/e/julien-tassin-erwin-vann-jean-marc-butty-inner-forest/bbde998b-b98c-4c86-9154-94f87e5ebc9b
De Kleine Kunst,2026-09-06,Sunday Sessions,,"Elke zondag bij De Kleine Kunst: Sunday Sessions. 🎷 Gratis concertjes in een intieme setting. Onze huiskamer staat open voor eenieder die op zondag gezellig komt luisteren naar blues, jazz, folk, singersongwriters en alles wat daarop lijkt. 🎵 Wij nodigen elke zondag een muzikant uit die ons opvalt…",https://www.uitinvlaanderen.be/agenda/e/sunday-sessions/f42b1998-19f8-4dba-9b58-115ddb33d80d
Wintercircus,2026-12-03,Modestep,dubstep,,https://apps.ticketmatic.com/widgets/democrazy/flow/tickets?event=886857231748&l=nl#!/addtickets
Kapel Petit,2026-09-25,RIGUELLE TRIO – THE SONGS OF LOU REED,,"RIGUELLE TRIO – THE SONGS OF LOU REED Lewis Allan Reed, geboren in Brooklyn, NYC, is dé chroniqueur van de New Yorkse zelfkant. Hij was gitarist, zanger en voornaamste songschrijver van Velvet Undergound en had een solocarrière van om en bij de vijf decennia. Zijn vaste thema’s omvatten drugs, S &…",https://www.uitinvlaanderen.be/agenda/e/riguelle-trio-the-songs-of-lou-reed/15ff337d-de9d-4264-b63e-6a4dbeb6da19
Kapel Petit,2026-10-16,OUTER TRIO,,"OUTER presenteert Glowing Mountains in the Sky : een meeslepende trip tussen licht en donker, waar modern klassiek, chamber pop en alternatieve rock samensmelten tot een gelaagde, melancholische ervaring. Het album ontstond tussen 2020 en 2025, voornamelijk op afgelegen locaties in IJsland,…",https://www.uitinvlaanderen.be/agenda/e/outer-trio/9580d947-74fc-47f4-9435-4c520091b4fb
Eskimofabriek - #ANT,2026-11-07,"Peace, Love & Harmony: The Story of The Beatles",,Come together voor een concert waar muziek en verhalen elkaar ontmoeten. We nemen je mee op een magical mystery tour door het indrukwekkende repertoire van The Beatles. Een reis with a little help from our friend : gepassioneerd Beatles-kenner en verteller Bernard Govaert gidst je door de verhalen…,https://www.uitinvlaanderen.be/agenda/e/peace-love-harmony-the-story-of-the-beatles/4182950d-c5a4-48f2-a822-b8ff957bbd2a
Sint-Coleta Kerk,2026-11-24,Jef Neve solo - Key Energy (Gent),,"Jef Neve soloconcert – Key Energy 📍 Locatie: Gent (Coletakerk) 📅 Datum: 24 & 25 november 2026 Na 25 jaar op de internationale concertpodia keert pianist en componist Jef Neve terug naar de essentie. Met Key Energy blikt hij niet alleen terug op een indrukwekkende carrière, maar opent hij tegelijk…",https://www.uitinvlaanderen.be/agenda/e/jef-neve-solo-key-energy-gent/79a25833-be73-482d-a690-ea34d28691ff
Muziekcentrum De Bijloke Gent,2026-12-03,Migrations - Álfheiður Erla Guðmundsdóttir & Kunal Lahiry,post-rock,"Hoge noten vangen veel wind: liederen op doorreis

Om ergens aan te kunnen komen, moet je eerst ergens weggaan. Sopraan Álfheiður Erla Guðmundsdóttir en pianist Kunal Lahiry volgen het spoor van trekvogels in muziek over verlangen, verandering en de lokroep van verre oorden. Van noordelijke kilte…",https://www.uitinvlaanderen.be/agenda/e/migrations-lfhei-ur-erla-gu-mundsd-ttir-kunal-lahiry/d778e7ef-c5e9-4fee-bf8b-b82a110343a2
Muziekcentrum De Bijloke Gent,2026-12-04,Huehuetenango - Jonatan Alvarado & Ariel Abramovich,,"Muziek die continenten verbond voordat iemand het woord 'globalisering' bedacht

Het lijkt wel een vondst van Indiana Jones: het Huehuetenango-manuscript uit Noord-Guatemala, oftewel vijftien volumes polyfonie en gregoriaans opgetekend tussen 1582 en 1635. De gemeenschap die deze muziek kopieerde,…",https://www.uitinvlaanderen.be/agenda/e/huehuetenango-jonatan-alvarado-ariel-abramovich/1f96e6da-cf4e-4aaf-840d-f18a596d29f2
Ha Concerts,2026-12-04,Kham Meslien,france,"“Een spiritueel en reislustig werk van oneindige schoonheid.” Fip Integere wereld op solo contrabas Met Fantômes… Futurs presenteert Kham Meslien een soloproject dat zelden als solo aanvoelt. Gewapend met contrabas, looper, effecten, charango en percussie bouwt hij gelaagde composities waarin…",https://www.uitinvlaanderen.be/agenda/e/kham-meslien/0c59bde5-58d1-4cc0-baf7-067da3c69701
Trefpunt - Concertzaal,2026-09-19,Crooked Steps,indie rock,"Crooked Steps is een surf/garageband uit Gent, terug maar nooit weggeweest. Met een nieuw album op komst herrijzen de winnaars van De Nieuwe Lichting Lou…",https://trefpuntfestival.be/programma/crooked-steps
Trefpunt - Concertzaal,2026-09-25,WRONG MAN - ‘Here’s That Feeling’ Release Show,hardcore,"WRONG MAN will be presenting their brand new debut full length, to be released by Deathwish Inc. Following two EPs that set the stage for the band’s…",https://trefpuntfestival.be/programma/wrong-man-heres-that-feeling-release-show
Trefpunt - Café,2026-09-28,Maandagconcert // Boom Boom Cactus,,"Wat begon als maandelijkse improvisatie avonden in Missy Sippy onder de naam Missy Mondial, werd een hechte band in datzelfde avontuurlijke concept.",https://trefpuntfestival.be/programma/maandagconcert-boom-boom-cactus
Trefpunt - Concertzaal,2026-09-29,Big Next // GB,,"De uit Kopenhagen afkomstige GB weeft een bijzonder web van avontuurlijke gitaarmuziek. Zijn geluid laat zich niet makkelijk in een hokje vangen, kom…",https://trefpuntfestival.be/programma/big-next-gb
Trefpunt - Concertzaal,2026-09-30,Voorproever Nacht van de Vrijdenker,,Voor het tweede jaar op rij krijgt het publiek in de Gentse vrijhaven Trefpunt een intieme voorproever van ideeënfestival Nacht van de Vrijdenker.,https://trefpuntfestival.be/programma/voorproever-nacht-van-de-vrijdenker
Trefpunt - Café,2026-10-05,Maandagconcert // Monkey Mask,,"Monkey Mask is de clash van vier geesten onder verschillende invloeden, die een rauwe mengelmoes tevoorschijn toveren van funkrock met ondertonen van…",https://trefpuntfestival.be/programma/maadagconcert-monkey-mask
Trefpunt - Concertzaal,2026-10-09,Mudgang & The Spanks - Garage & Night,,Nieuwe datum voor het uitgestelde release concert. 2 top - vintage - all round - origianal - roots garage bands die zullen zorgen voor een rockn'roll show…,https://trefpuntfestival.be/programma/garage-night-mudgang-the-spanks
Trefpunt - Concertzaal,2026-10-10,DHKD // MAKAS,,"De naam MAKAS is Turks voor schaar. Het is een beeld dat hoop, vrijheid en moed uitbeeldt.",https://trefpuntfestival.be/programma/dhkd-makas
Trefpunt - Café,2026-10-12,Maandagconcert // Silke Hamers,,"The genre is post. Post genre. Swiss, Brussels-based composer, performer, digital sound and video artist Annalena Fröhlich (1984) and Belgian…",https://trefpuntfestival.be/programma/maandag-concerten-silke-hamers
Trefpunt - Concertzaal,2026-10-14,Salon // Concert Franse chansons,,Eén keer La vie en rose en plots zit ge met een denkbeeldige Gauloise op een Parijs terras naar een verloren liefde te staren. Goed nieuws: ge hoeft…,https://trefpuntfestival.be/programma/franse-chansons
Trefpunt - Concertzaal,2026-10-15,Bonakar Invite - The Sauce Albumparty,,Op 15 oktober presenteert Bonakar hun debuutalbum ‘THE SAUCE’ in de zaal van Trefpunt. Bonakar combineert snijdende gitaren die psychedelische riffs…,https://trefpuntfestival.be/programma/bonakar-invite-the-sauce-albumparty
Trefpunt - Concertzaal,2026-10-17,DAYS OF RAY - Release LP Night Answers Day,,Days of Ray situeert zich in het muzikale middenveld tussen de singer-songwriters en de compromisloze Britpoprock met een indie-randje. Uit de muziek…,https://trefpuntfestival.be/programma/days-of-ray-release-lp-night-answers-day
Trefpunt - Concertzaal,2026-10-20,Deyne Releaseshow,,"God mag dood zijn, maar Deyne zoekt nog steeds. Tussen indie, kleinkunst en rock schrijft Michiel Dondeyne Nederlandstalige liedjes waarin het alledaagse…",https://trefpuntfestival.be/programma/deyne-releaseshow
Trefpunt - Concertzaal,2026-10-26,Maandagconcert // Glenn Jones & Liam Grant,,Glenn Jones en Liam Grant behoren tot de hedendaagse voortzetters van de rijke traditie van de American Primitive-gitaar.,https://trefpuntfestival.be/programma/maandagconcert-glenn-jones-liam-grant
Trefpunt - Concertzaal,2026-10-27,Big Next // Soft Loft,,"Soft Loft is een Zwitsers collectief, geleid door zangeres en tekstschrijver Jorina Stamm.",https://trefpuntfestival.be/programma/-3
Trefpunt - Concertzaal,2026-10-28,Big Next // Tracey Nelson,,"Austin Noll groeide op in Lawrence, Kansas, en woont nu in New York. Onder de naam Tracey Nelson maakt hij indierock die ergens tussen jangelgitaren,…",https://trefpuntfestival.be/programma/big-next-tracey-nelson
Trefpunt - Concertzaal,2026-11-06,Leander Vandereecken & Olivier Vander Bauwede - Release Concert,,Leander Vandereecken en Olivier Vander Bauwede zijn beiden afkomstig uit Gent en actief in de Belgische bluesscene.,https://trefpuntfestival.be/programma/leander-vandereecken-olivier-vander-bauwede-release-concert
Trefpunt - Concertzaal,2026-11-13,Koala Disco,belgian,Koala Disco is een vierkoppige band die weigert zich in één hokje te laten plaatsen.,https://trefpuntfestival.be/programma/koala-disco
Hot Club Gent,2026-09-06,ZUCKER & GYARFAS,,Jazz and Beyond. Kom in september 2026 genieten van hemelse concerten. Bekijk geregeld onze kalender of schrijf je in voor e-mail updates.,https://www.hotclub.gent/programma.php
Hot Club Gent,2026-09-07,DANCEHALL SHAKIN' + jam,,Jazz and Beyond. Kom in september 2026 genieten van hemelse concerten. Bekijk geregeld onze kalender of schrijf je in voor e-mail updates.,https://www.hotclub.gent/programma.php
Hot Club Gent,2026-09-08,SOME BIRDS PLAYIN',,Jazz and Beyond. Kom in september 2026 genieten van hemelse concerten. Bekijk geregeld onze kalender of schrijf je in voor e-mail updates.,https://www.hotclub.gent/programma.php
Hot Club Gent,2026-09-09,EMC-3 PLUS + Bart Maris' Jam,,Jazz and Beyond. Kom in september 2026 genieten van hemelse concerten. Bekijk geregeld onze kalender of schrijf je in voor e-mail updates.,https://www.hotclub.gent/programma.php
Hot Club Gent,2026-09-10,MORAG CAMBELL + jam,,Jazz and Beyond. Kom in september 2026 genieten van hemelse concerten. Bekijk geregeld onze kalender of schrijf je in voor e-mail updates.,https://www.hotclub.gent/programma.php
Hot Club Gent,2026-09-13,JASPER HUYSENTRUYT TRIO,,Jazz and Beyond. Kom in september 2026 genieten van hemelse concerten. Bekijk geregeld onze kalender of schrijf je in voor e-mail updates.,https://www.hotclub.gent/programma.php
Hot Club Gent,2026-09-14,MORTIER? WEER HIER!,,Jazz and Beyond. Kom in september 2026 genieten van hemelse concerten. Bekijk geregeld onze kalender of schrijf je in voor e-mail updates.,https://www.hotclub.gent/programma.php
Hot Club Gent,2026-09-15,DJALT KNALT,,Jazz and Beyond. Kom in september 2026 genieten van hemelse concerten. Bekijk geregeld onze kalender of schrijf je in voor e-mail updates.,https://www.hotclub.gent/programma.php
Hot Club Gent,2026-09-16,MOHIE + Bart Maris' Jam,,Jazz and Beyond. Kom in september 2026 genieten van hemelse concerten. Bekijk geregeld onze kalender of schrijf je in voor e-mail updates.,https://www.hotclub.gent/programma.php
Hot Club Gent,2026-09-17,SARAH LEMA + jam,,Jazz and Beyond. Kom in september 2026 genieten van hemelse concerten. Bekijk geregeld onze kalender of schrijf je in voor e-mail updates.,https://www.hotclub.gent/programma.php
Hot Club Gent,2026-09-20,MENDOZA / DEMUYNCK,Progressive rock,Jazz and Beyond. Kom in september 2026 genieten van hemelse concerten. Bekijk geregeld onze kalender of schrijf je in voor e-mail updates.,https://www.hotclub.gent/programma.php
Hot Club Gent,2026-09-21,Eerst SAM - Dan JAM,,Jazz and Beyond. Kom in september 2026 genieten van hemelse concerten. Bekijk geregeld onze kalender of schrijf je in voor e-mail updates.,https://www.hotclub.gent/programma.php
Hot Club Gent,2026-09-22,PREMIERS MOTS,,Jazz and Beyond. Kom in september 2026 genieten van hemelse concerten. Bekijk geregeld onze kalender of schrijf je in voor e-mail updates.,https://www.hotclub.gent/programma.php
Hot Club Gent,2026-09-23,DOUBLE TROUBLE + Bart Maris' Jam,hardcore,Jazz and Beyond. Kom in september 2026 genieten van hemelse concerten. Bekijk geregeld onze kalender of schrijf je in voor e-mail updates.,https://www.hotclub.gent/programma.php
Hot Club Gent,2026-09-24,PERDIEUS/BRAL/DEMUYNCK + jam,,Jazz and Beyond. Kom in september 2026 genieten van hemelse concerten. Bekijk geregeld onze kalender of schrijf je in voor e-mail updates.,https://www.hotclub.gent/programma.php
Hot Club Gent,2026-09-27,ZIV TAUBENFELD,,Jazz and Beyond. Kom in september 2026 genieten van hemelse concerten. Bekijk geregeld onze kalender of schrijf je in voor e-mail updates.,https://www.hotclub.gent/programma.php
Hot Club Gent,2026-09-28,MAS JAZZ MESSENGERS + jam,,Jazz and Beyond. Kom in september 2026 genieten van hemelse concerten. Bekijk geregeld onze kalender of schrijf je in voor e-mail updates.,https://www.hotclub.gent/programma.php
Hot Club Gent,2026-09-29,TRAVELING in SWING,,Jazz and Beyond. Kom in september 2026 genieten van hemelse concerten. Bekijk geregeld onze kalender of schrijf je in voor e-mail updates.,https://www.hotclub.gent/programma.php
Hot Club Gent,2026-09-30,BASADA + Bart Maris' Jam,dance,Jazz and Beyond. Kom in september 2026 genieten van hemelse concerten. Bekijk geregeld onze kalender of schrijf je in voor e-mail updates.,https://www.hotclub.gent/programma.php
Hot Club Gent,2026-10-01,HOT CATS DE GAND,,Jazz and Beyond. Kom in september 2026 genieten van hemelse concerten. Bekijk geregeld onze kalender of schrijf je in voor e-mail updates.,https://www.hotclub.gent/programma.php
Hot Club Gent,2026-10-04,The JAZZVENTURES,,Jazz and Beyond. Kom in september 2026 genieten van hemelse concerten. Bekijk geregeld onze kalender of schrijf je in voor e-mail updates.,https://www.hotclub.gent/programma.php
Hot Club Gent,2026-10-05,A CLASSIC JAZZ SESSION,,Jazz and Beyond. Kom in september 2026 genieten van hemelse concerten. Bekijk geregeld onze kalender of schrijf je in voor e-mail updates.,https://www.hotclub.gent/programma.php
Hot Club Gent,2026-10-06,The BIRDS OF SWING SESSIONS,,Jazz and Beyond. Kom in september 2026 genieten van hemelse concerten. Bekijk geregeld onze kalender of schrijf je in voor e-mail updates.,https://www.hotclub.gent/programma.php
Hot Club Gent,2026-10-07,LES MERCREDIS LIBRES,,Jazz and Beyond. Kom in september 2026 genieten van hemelse concerten. Bekijk geregeld onze kalender of schrijf je in voor e-mail updates.,https://www.hotclub.gent/programma.php
Hot Club Gent,2026-10-08,HOT CATS DE GAND,,Jazz and Beyond. Kom in september 2026 genieten van hemelse concerten. Bekijk geregeld onze kalender of schrijf je in voor e-mail updates.,https://www.hotclub.gent/programma.php
Hot Club Gent,2026-10-11,The JAZZVENTURES,,Jazz and Beyond. Kom in september 2026 genieten van hemelse concerten. Bekijk geregeld onze kalender of schrijf je in voor e-mail updates.,https://www.hotclub.gent/programma.php
Hot Club Gent,2026-10-12,OP ZWIER MET MORTIER,,Jazz and Beyond. Kom in september 2026 genieten van hemelse concerten. Bekijk geregeld onze kalender of schrijf je in voor e-mail updates.,https://www.hotclub.gent/programma.php
Hot Club Gent,2026-10-13,A DJALTERNATIVE,,Jazz and Beyond. Kom in september 2026 genieten van hemelse concerten. Bekijk geregeld onze kalender of schrijf je in voor e-mail updates.,https://www.hotclub.gent/programma.php
Hot Club Gent,2026-10-14,LES MERCREDIS LIBRES,,Jazz and Beyond. Kom in september 2026 genieten van hemelse concerten. Bekijk geregeld onze kalender of schrijf je in voor e-mail updates.,https://www.hotclub.gent/programma.php
Hot Club Gent,2026-10-15,HOT CATS DE GAND,,Jazz and Beyond. Kom in september 2026 genieten van hemelse concerten. Bekijk geregeld onze kalender of schrijf je in voor e-mail updates.,https://www.hotclub.gent/programma.php
Hot Club Gent,2026-10-18,The JAZZVENTURES,,Jazz and Beyond. Kom in september 2026 genieten van hemelse concerten. Bekijk geregeld onze kalender of schrijf je in voor e-mail updates.,https://www.hotclub.gent/programma.php
Hot Club Gent,2026-10-19,Eerst SAM - Dan JAM,,Jazz and Beyond. Kom in september 2026 genieten van hemelse concerten. Bekijk geregeld onze kalender of schrijf je in voor e-mail updates.,https://www.hotclub.gent/programma.php
Hot Club Gent,2026-10-20,The BIRDS OF SWING SESSIONS,,Jazz and Beyond. Kom in september 2026 genieten van hemelse concerten. Bekijk geregeld onze kalender of schrijf je in voor e-mail updates.,https://www.hotclub.gent/programma.php
Hot Club Gent,2026-10-21,LES MERCREDIS LIBRES,,Jazz and Beyond. Kom in september 2026 genieten van hemelse concerten. Bekijk geregeld onze kalender of schrijf je in voor e-mail updates.,https://www.hotclub.gent/programma.php
Hot Club Gent,2026-10-22,HOT CATS DE GAND,,Jazz and Beyond. Kom in september 2026 genieten van hemelse concerten. Bekijk geregeld onze kalender of schrijf je in voor e-mail updates.,https://www.hotclub.gent/programma.php
Hot Club Gent,2026-10-25,The JAZZVENTURES,,Jazz and Beyond. Kom in september 2026 genieten van hemelse concerten. Bekijk geregeld onze kalender of schrijf je in voor e-mail updates.,https://www.hotclub.gent/programma.php
Hot Club Gent,2026-10-26,MAS JAZZ MESSENGERS + jam,,Jazz and Beyond. Kom in september 2026 genieten van hemelse concerten. Bekijk geregeld onze kalender of schrijf je in voor e-mail updates.,https://www.hotclub.gent/programma.php
Hot Club Gent,2026-10-27,WORDS & BIRDS,,Jazz and Beyond. Kom in september 2026 genieten van hemelse concerten. Bekijk geregeld onze kalender of schrijf je in voor e-mail updates.,https://www.hotclub.gent/programma.php
Hot Club Gent,2026-10-28,LES MERCREDIS LIBRES,,Jazz and Beyond. Kom in september 2026 genieten van hemelse concerten. Bekijk geregeld onze kalender of schrijf je in voor e-mail updates.,https://www.hotclub.gent/programma.php
Hot Club Gent,2026-10-29,HOT CATS DE GAND,,Jazz and Beyond. Kom in september 2026 genieten van hemelse concerten. Bekijk geregeld onze kalender of schrijf je in voor e-mail updates.,https://www.hotclub.gent/programma.php
Muziekcentrum De Bijloke Gent,2026-12-05,Drie radicale kwartetten - Bowmore Quartet,,"Van stille schaduwklanken tot sonische adrenalinestoten

Nono, Ligeti en Xenakis serveren drie radicale visies op wat vier strijkers kunnen doen. In ‘Fragmente – Stille, an Diotima’ schetst Luigi Nono een intense luisterruimte van stilte en schaduwklank. György Ligeti’s vroege ‘Strijkkwartet nr. 1’…",https://www.uitinvlaanderen.be/agenda/e/drie-radicale-kwartetten-bowmore-quartet/170a50ac-ba47-42bd-afcc-dc9a67c3c9da
De Centrale (Turbinezaal),2026-12-05,"Internationale Flamenco ""INSPIRACIÓN"" by Patricio Grande, De Centrale Gent",,Flamenco INSPIRACIÓN by Patricio Grande Waar passie en muziek elkaar ontmoeten en waar Sevilla haar grootmeester naar het podium stuurt. Na een volledig uitverkochte tour in 2025 tilt INSPIRACIÓN zichzelf naar een nieuw artistiek hoogtepunt. Voor deze nieuwe tour krijgt het ensemble een…,https://www.uitinvlaanderen.be/agenda/e/internationale-flamenco-inspiraci-n-by-patricio-grande-de-centrale-gent/39d22f22-1fae-4928-a77d-eb49aaa92763
Ha Concerts,2026-12-05,Luka Bloom,singer-songwriter,Ierse songs met tijdloze zeggingskracht De Ierse singer‑songwriter Luka Bloom is al meer dan vijfentwintig jaar een vaste waarde in de Belgische concertzalen - waaronder al zeker vijf gewaardeerde passages bij Ha. Met zijn akoestische gitaar en karaktervolle stem brengt hij een soloprogramma dat…,https://www.uitinvlaanderen.be/agenda/e/luka-bloom/42d5f349-b9ec-48c1-be9d-fcf8a9021053
Muziekcentrum Kinky Star,2026-09-09,IN DIE STER: Unyoke (BE) + Aloam (BE),,UnyokeMOST ARTISTS SPEND THEIR CAREERS TRYING TO FIND AN IDENTITY.UNYOKE BUILT AN ALBUM ABOUT REFUSING TO HAVE JUST ONE.THE BRUSSELS-BASED ART-ROCK BAND IS BY S,https://www.kinkystar.com/nl/events/2026-09-09-in-die-ster-unyoke-be-aloam-be
Muziekcentrum Kinky Star,2026-09-10,Queer Stars: AMUKA (BE),House,"AmukaAMUKA is an alt-pop/electronic artist based in Belgium. His current project is inspired by his queerness, the concept of family dynamics, its generational",https://www.kinkystar.com/nl/events/2026-09-10-queer-stars-amuka-be
Muziekcentrum Kinky Star,2026-09-11,Luminous Fest: Minding Dolls (BE) + Welve (BE),,"Luminous FestMinding DollsEen smerig geluid dat dagen aan u oortrommels blijft plakken, een drietal instrumenten die krijsen, manisch lachen en oorverdovende fe",https://www.kinkystar.com/nl/events/2026-09-11-luminous-fest-minding-dolls-be-welve-be
Muziekcentrum Kinky Star,2026-09-12,NNC: REDMESS (DE/BR) + LA LLARÖNA (BE),,"RED MESS (BR)Formed in 2013 in Londrina, Brazil, and now basedin Berlin, Germany, the trio has Thiago Franzim(guitar), Douglas Labigalini (drums) and LucasKlepa",https://www.kinkystar.com/nl/events/2026-09-12-nnc-redmess-debr-la-llarna-be
Muziekcentrum Kinky Star,2026-09-15,STAR TRIP: Highest Primzahl On Mars (DE) + VROVL (BE),,"Highest Primzahl On MarsHighest Primzahl On Mars is a band from Frankfurt am Main, redefining theboundaries of Space and Krautrock. Since kicking off in 2023, t",https://www.kinkystar.com/nl/events/2026-09-15-star-trip-highest-primzahl-on-mars-de-vrovl-be
Muziekcentrum Kinky Star,2026-09-16,KINKY KAPOT: Mechels Laweit (BE) + U-boat Malfunction (BE),,"Mechels Laweit 22:15In 2012 ontstond de vlaamstalige punk/metalband eerst onder de naam Zombie Butterfly door Yorick, Diether en Aaron. Door samen bijeen te kom",https://www.kinkystar.com/nl/events/2026-09-16-kinky-kapot-mechels-laweit-be-u-boat-malfunction-be
Muziekcentrum Kinky Star,2026-09-17,kPost: NEVEL! (BE) + HARS (BE),,"NEVEL!Ontstaan in de schemerzones van Gent, verenigt dit instrumentale drietal zich in klanken die even buitenaards als menselijk zijn. Hun sound zweeft tussen",https://www.kinkystar.com/nl/events/2026-09-17-kpost-nevel-be-hars-be
Muziekcentrum Kinky Star,2026-09-26,Dark Entries Night: Rabbits Wear Boots (BE) + Witch of None (BE),electronic,Rabbits Wear Boots (BE)Goa-trance. Zij-project van the Hybryds.BandcampWitch of None (BE)DroomindustrialBandcamp,https://www.kinkystar.com/nl/events/2026-09-26-dark-entries-night-rabbits-wear-boots-be-witch-of-none-be
Muziekcentrum Kinky Star,2026-09-27,NNC: Alber Jupiter (FR),Psychedelic Rock,"ALBER JUPITER (FR) 17:00Hailing from Rennes, Alber Jupiter are an energetic two-piece combining drum, bass and a ton of pedals into a krautrock marvel. We booke",https://www.kinkystar.com/nl/events/2026-09-27-nnc-alber-jupiter-fr
Muziekcentrum Kinky Star,2026-09-30,IN DIE STER: Fake Alien (BE) + De Standaardmaat (BE),,"Fake AlienFake Alien is een vijfkoppige rockband uit Gent. Met scherpe teksten, heerlijke riffs en vooral veel energie willen ze elk podium komen afbreken. Verw",https://www.kinkystar.com/nl/events/2026-09-30-in-die-ster-fake-alien-be-de-standaardmaat-be
Muziekcentrum Kinky Star,2026-10-01,knuszacht: Tim Holehouse & Kieran O’Malley (UK) + TBA,,"Tim Holehouse &amp; Kieran O&#39;MalleyTim Holehouse is one of the hardest-working musicians out there. For the past 20 years he has been touring the globe, lik",https://www.kinkystar.com/nl/events/2026-10-01-knuszacht-tim-holehouse-kieran-omalley-uk-tba
Muziekcentrum Kinky Star,2026-10-11,STAR TRIP: TŌ YŌ (JP),Psychedelic Rock,"TŌ YŌ 21:30Born out of the Far Eastern underground scene, Tō Yō isundoubtedly a next-generation psychedelic rock band. Theirorganic band sound and rhythms are r",https://www.kinkystar.com/nl/events/2026-10-11-star-trip-t-y-jp
Muziekcentrum Kinky Star,2026-10-14,STEENROOKSTER: Witch Piss (BE) + VURT (BE),stoner metal,Witch Piss 21:15Deze Mechelaars brengen een mix van Stoner en Metal met een southern vibe waardoor de Dijle toch iets meer op de Mississippi lijkt. Harde riffs,https://www.kinkystar.com/nl/events/2026-10-14-steenrookster-witch-piss-be-vurt-be
Muziekcentrum Kinky Star,2026-10-15,Proefbuis: Sesam (FR) + Machines Are For Weirdos (BE),,"SESAM (FR) - 22:15Born from the encounter of five musicians from the vibrant music scene of the Grand Est region (France), SESAM was formed with a simple yet ra",https://www.kinkystar.com/nl/events/2026-10-15-proefbuis-sesam-fr-machines-are-for-weirdos-be
Muziekcentrum Kinky Star,2026-10-21,SCHOENSTAAR: Flowers for the dead (USA) + Headrest (BE),alternative rock,SCHOENSTAAR,https://www.kinkystar.com/nl/events/2026-10-21-schoenstaar-flowers-for-the-dead-usa-headrest-be
Muziekcentrum Kinky Star,2026-10-22,KINKY KAPOT: Rest Up (BE) + Les Vagues (BE),,"Rest upFormed in 2021, Rest Up—a high-energy trio from Angers—quickly began writing music and hitting the stage, eager to experience the thrill of live performa",https://www.kinkystar.com/nl/events/2026-10-22-kinky-kapot-rest-up-be-les-vagues-be
Muziekcentrum Kinky Star,2026-11-08,KINKY KAPOT: Narkose (DE) + TBA,industrial,"NARKOSE (DE)Narkose stands for aggressive, dark and critical german punk since 2023. Being conducted by four friends from the Ruhr area, the bands unifies influ",https://www.kinkystar.com/nl/events/2026-11-08-kinky-kapot-narkose-de-tba
Muziekcentrum Kinky Star,2026-11-20,Mengelmoes: Jessica King (BE) + Zuidas (NL),emo,"Jessica KingKleine chaos, groote gevoelens en een handvol coping mechanisms“Jessica King” smelt alternative rock en pop punk tot een nieuwe materie die “bitter-",https://www.kinkystar.com/nl/events/2026-11-20-mengelmoes-jessica-king-be-zuidas-nl
Muziekcentrum Kinky Star,2026-12-04,GARAGESTER: Big Muffin (BE) + Futuro Pelo (FR/BE),,"Big MuffinIn een muziekscene die vaak gevuld is met ernst, probeert garage/post-punk band Big Muffin&#39; zich te onderscheiden als een frisse wind. Hun focus g",https://www.kinkystar.com/nl/events/2026-12-04-garagester-big-muffin-be-futuro-pelo-frbe
Bar Bricolage,2026-09-05,Medulla,metalcore,"Concerts. Club nights. Markets. Screenings. Summer sessions. Day or night, there’s always something moving here.",https://chinastraat.be/
Chinastraat,2026-09-05,Dreunend Geluid Soudsystem / Total Escalation,,"Concerts. Club nights. Markets. Screenings. Summer sessions. Day or night, there’s always something moving here.",https://chinastraat.be/
Bar Bricolage,2026-09-18,Groovy Collective,,"Concerts. Club nights. Markets. Screenings. Summer sessions. Day or night, there’s always something moving here.",https://chinastraat.be/
Chinastraat,2026-09-18,Insomnia Fracture w/ Reverb,,INSOMNIA FRACTURE IN COLLAB WITH REVERB W/ SO JUICEMAIN STAGESO JUICEJALOCDRCBP-EMS7THKROMATIEKBVKRAR:SREVERB STAGEDROOMWOLKJEALPACINOGOUZZJAWSKASEE YOU LA,https://www.sway.events/event/insomnia-fracture?utm_source=ig&utm_medium=social&utm_content=link_in_bio&fbclid=PAcGRvZgJleHRuA2FlbQIxMQBzcnRjBmFwcF9pZA85MzY2MTk3NDMzOTI0NTkAAafvicHdWkbI9J2VZ4RTs8QOwQTEMWmgwel6juQELwBLcUATujhIfCleYAOMjg_aem_lQY2I3KRl70lQleTzroYig
Chinastraat,2026-09-19,Unplugged x Absurd x Dmc,,"Fuck the system, Feel the rhythm 🏴☠️",https://shop.weeztix.com/9a1aa9fa-e8a6-11ef-a9cb-7e126431635e/tickets?utm_source=ig&utm_medium=social&utm_content=link_in_bio&fbclid=PAcGRvZgJleHRuA2FlbQIxMQBzcnRjBmFwcF9pZA85MzY2MTk3NDMzOTI0NTkAAadBCo5-tJQuog-BYNUYoUf41nAYVeX6ola12T7DH90kud-nF7DC3boN0MzDlw_aem_T26wxaCzavCAsCrTcaRiWA&shop_code=7g7nqqbx&original_referer=https%3A%2F%2Fl.instagram.com%2F
Chinastraat,2026-09-20,Piknik Elektronik Open Air Chinastraat,,"Brussels open air. techno, house, tech house, afro house, melodic techno, hard techno, trance, drum & bass, deep house, UK garage, ambient, experimental. New artists, niche discovery.",https://www.piknikelektronik.com/tickets/piknik-elektronik-200926
Bar Bricolage,2026-09-25,Pinto,punk rock,"Concerts. Club nights. Markets. Screenings. Summer sessions. Day or night, there’s always something moving here.",https://chinastraat.be/
Chinastraat,2026-09-25,UNS,industrial,"This launch is the first of many. It’s only the beginning. We’re building a community where respect and freedom come first, and where music connects people.",https://shop.weeztix.com/ee360ef6-f7ad-4309-bf20-ea3bd798011b/tickets?shop_code=2668grzr&original_referer=https%3A%2F%2Fl.facebook.com%2F
Chinastraat,2026-09-26,MODUL'AIR Off-Location XL Afterhours,,MODUL'AIR,https://agenda.paylogic.com/485dcff65ccc4ecda33a44f06c403378
Bij' De Vieze Gasten,2026-10-09,People in Houses,,"Als Koen Eeckhout, Johannes Wannyn & Merijn Landuyt tezamen het podium beklimmen, wacht jou een masterclass in close harmony en Americana. People in Houses brengt met hun nieuwe plaat ‘here we are’ songs over het leven en de muziek die daaruit volgt. Banjo’s, gitaren en 3 stemmen rond dezelfde…",https://www.deviezegasten.org/nl/programmatie/people-in-houses-/771/2026-10-09
Bij' De Vieze Gasten,2026-10-17,Jaune Toujours,belgian,"Ze vieren dit jaar 30 jaar op scène met datgene waar ze om bekend staan : catchy songs, punky attitude, drum&brass, accordeondub en Belgische ska – geen taal- of andere grenzen (met lyrics in het Engels, Frans en Nederlands) en met songteksten die geen blad voor de mond nemen.",https://www.deviezegasten.org/nl/programmatie/jaune-toujours/773/2026-10-17
Bij' De Vieze Gasten,2026-10-30,Sindicato Sonico – Noches De Vicio Cultural,,"Een energieke mestizo crossoverband uit Antwerpen, aangevoerd door de Mexicaanse frontman Román Santos. Met muzikanten uit verschillende landen en culturen brengt de band een explosieve cocktail van Latin grooves, cumbia, ska, funk, reggae, hiphop en rock-'n-roll. Hun eigenzinnige sound vatten ze…",https://www.deviezegasten.org/nl/programmatie/sindicato-sonico-noches-de-vicio-cultural/781/2026-10-30
Bij' De Vieze Gasten,2026-11-07,Kaaiman,,"Kaai Man zingt over havens en water, over leven, liefde, hoop, dood en geloof, met een stem die zich laat voorstuwen door bedrieglijk simpele akkoorden die uit zijn akoestische gitaar vloeien, brengt hij blues, kleinkunst en smartlap op authentieke wijze tot leven.

Voor de zanger Kaai Man is de…",https://www.deviezegasten.org/nl/programmatie/kaaiman-/779/2026-11-07
VIERNULVIER,2026-10-11,more eaze x 'Nadja',ambient,Deze dromerige arthouse-vampierfilm uit de vroege jaren negentig – geproduceerd door David Lynch – krijgt een gloednieuwe live soundtrack van de rijzende ambientpopster more eaze.,https://www.viernulvier.gent/nl/agenda/more-eaze-x-nadja-14zq
Trefpunt - Concertzaal,2026-09-18,Paola Marquez 50 & concert Amalaya,,"De Colombiaanse zangeres Paola Marquez woont al meer dan 20 jaar in België en is actief met cumbia, Nuevo cancion, jazz en afro-colombiaanse muziek. Ze…",https://trefpuntfestival.be/programma/paola-marquez-50-concert-amalaya
Bij' De Vieze Gasten,2026-10-23,Sindicato Sonico – Noches De Vicio Cultural,,"Een energieke mestizo crossoverband uit Antwerpen, aangevoerd door de Mexicaanse frontman Román Santos. Met muzikanten uit verschillende landen en culturen brengt de band een explosieve cocktail van Latin grooves, cumbia, ska, funk, reggae, hiphop en rock-'n-roll. Hun eigenzinnige sound vatten ze…",https://www.deviezegasten.org/nl/programmatie/sindicato-sonico-noches-de-vicio-cultural/781/2026-10-23
Sint Niklaaskerk,2026-09-12,Koorconcert: Kor é Vi (uit Noorwegen),,"Kor é Vi uit Bergen, Noorwegen, werd opgericht in 1992 en bestaat momenteel uit 50 enthousiaste zangers in de leeftijd van 30 tot 90 jaar. Hun gevarieerde repertoire wisselt van kerkliederen en klassieke werken tot diverse volksliederen. Het koor reist dit jaar bovendien met professionele…",https://www.uitinvlaanderen.be/agenda/e/koorconcert-kor-vi-uit-noorwegen/4c22884a-ad3a-4da1-a8e9-36620c22baf8
Hoofdzetel Europabank Gent (via ingang vlak naast Het Majin Huis),2026-10-17,Nederlandstalige covers t.v.v. mensen met kanker,,"🎶 2 Gentse artiesten treden op voor een Gents goed doel. Zangeres Ann De Prest en pianiste Ann Lemaitre brengen prachtige covers van Nederlandstalige nummers. Ze doen dat ten voordele van Het Majin Huis, een begeleidingscentrum voor mensen met kanker. Deze benefiet vindt plaats in het weekend van…",https://www.uitinvlaanderen.be/agenda/e/nederlandstalige-covers-t-v-v-mensen-met-kanker/283cffda-9e29-4187-aa85-6f5baa979a33
Muziekcentrum De Bijloke Gent,2026-12-06,Fabels - Wonderlijk muziektheater van I SOLISTI & KOPERGIETERY,,"Maak je klaar voor een wondere ontmoeting met de flierefluitende Krekel, de hunkerende Verlangslang en … de tegensprekende Meningsverschildpad

Op deze opwindende reis door tijd en ruimte ontmoet je de meest wondere wezens: de flierefluitende Krekel, de hunkerende Verlangslang, de tegensprekende…",https://www.uitinvlaanderen.be/agenda/e/fabels-wonderlijk-muziektheater-van-i-solisti-kopergietery/2ac164c2-64b4-48f5-a329-d8bb50c82ea5
Paulushuis,2026-12-06,Emilie Mover & John Snauwaert,,"Emilie Mover & John Snauwaert Een unieke muzikale ontmoeting tussen de Canadese singer-songwriter Emilie Mover en de Belgische saxofonist John Snauwaert. Soulvolle, melancholische folk en jazz samen met de expressieve, veelzijdige saxofoon van John Snauwaert. Aanvang 15u Deuren open om 14u…",https://www.uitinvlaanderen.be/agenda/e/emilie-mover-john-snauwaert/15d81831-ffc9-47ca-a186-91bfa6b95003
Bar Lume,2026-09-13,afternoonconcert > EL ALMA DESEA,,Jazz and Beyond. Kom in september 2026 genieten van hemelse concerten. Bekijk geregeld onze kalender of schrijf je in voor e-mail updates.,https://www.hotclub.gent/programma.php
Bar Lume,2026-09-20,afternoonconcert > LATCHO BILO,,Jazz and Beyond. Kom in september 2026 genieten van hemelse concerten. Bekijk geregeld onze kalender of schrijf je in voor e-mail updates.,https://www.hotclub.gent/programma.php
Hot Club Gent,2026-09-10,MORAG CAMPBELL + jam,,Jazz and Beyond. Kom in september 2026 genieten van hemelse concerten. Bekijk geregeld onze kalender of schrijf je in voor e-mail updates.,https://www.hotclub.gent/programma.php
Hot Club Gent,2026-09-15,DJASTA SADA,,Jazz and Beyond. Kom in september 2026 genieten van hemelse concerten. Bekijk geregeld onze kalender of schrijf je in voor e-mail updates.,https://www.hotclub.gent/programma.php
Bij' De Vieze Gasten,2026-10-17,Jaune Toujours 3.0 + The Ledebirds,,"Jaune Toujours viert dit jaar 30 jaar op scène met datgene waar ze om bekend staan : catchy songs, punky attitude, drum&brass, accordeondub en Belgische ska – geen taal- of andere grenzen (met lyrics in het Engels, Frans en Nederlands) en met songteksten die geen blad voor de mond nemen. Om hun…",https://www.deviezegasten.org/nl/programmatie/jaune-toujours-30-the-ledebirds/773/2026-10-17
Bij' De Vieze Gasten,2026-12-04,Peixe e Limão,alternative,"Mocht Brussel een eigen akoestisch, muzikaal genre zou hebben – zoals Lissabon de fado of Buenos Aires de tango – dan zou dat waarschijnlijk klinken als Peixe e Limão. Met een warme, melancholische stem weerspiegelt het trio de ziel van de Europese hoofdstad: een smeltkroes van klanken, smaken en…",https://www.deviezegasten.org/nl/programmatie/peixe-e-limo/785/2026-12-04
Jeugdhuis Asgaard,2026-10-24,Haze At Dawn (Release show) + Cult of Scarecrow,,"Come check out Haze At Dawn's release show, live at Asgaard! They will be supported by Cult of Scarecrow, so expect a night full of doom!",https://asgaard.anykrowd.app/#/events/567
Jeugdhuis Asgaard,2026-10-13,I PROMISED THE WORLD (USA) + ROSASHARIN (USA),metalcore,FFO post-hardcore/metalcore/screamo. Look for that sweet spot where songs can turn from pretty to feral without losing the emotional thread.,https://asgaard.anykrowd.app/#/events/566
Jeugdhuis Asgaard,2026-10-10,Oi! @ Ghent: The Pride / Bent Out Of Shape / BullBar & Sperrfoier,,Oi! @ Ghent : The Pride : BEER AND FUN FOR EVERYONE !! Ben Out Of Shape : https://bentoutofshape.nl/ BullBar : https://www.facebook.com/p/Bullbar-100082627276940/ Sperrfoier : https://www.facebook.com/Sperrfoier/ A Night of Fun and beer ! Tickers Presale : €18 At the venue : €22,https://asgaard.anykrowd.app/#/events/565
Jeugdhuis Asgaard,2026-10-16,FACES OF DEATH HELLROPEAN TOUR 2026,,The Brazilian Old-school Thrash/Death Metal band Faces Of Death will invade Europe for the very first time to show all of their power on stage and bring  some aggressive old-school Thrash/Death Metal to all the European maniacs during October 2026.,https://asgaard.anykrowd.app/#/events/564
Jeugdhuis Asgaard,2026-09-18,PRIMAL CREATION + Titans,thrash metal,The New Era presents: Primal Creation / Titans,https://asgaard.anykrowd.app/#/events/563
Jeugdhuis Asgaard,2026-09-13,BULLDOZE + Supports,hardcore,"INFERNO Bookings presents: BULLDOZE, LAST WISHES, ESCAPE, LISTED, NO ONE WINS",https://asgaard.anykrowd.app/#/events/546
Jeugdhuis Asgaard,2026-11-04,BABE HAVEN + support,punk,"A bold evolution in sound—blending nu-metal, thrash, and punk into a visceral, genre-defying statement.",https://asgaard.anykrowd.app/#/events/531
Jeugdhuis Asgaard,2026-11-28,VINNIEFEST 2026: PENE CORRIDA / ALEK ET LES JAPONAISES / SKAL,,"Vinniefest is meer dan een concert. Het is een belevenis. Een ontmoeting. Een moment van collectieve muzikale meerwaarde, in een intieme setting waar de grens tussen maker en publiek vervaagt. Een spiegel voor de vreemde tijden waarin we leven.",https://asgaard.anykrowd.app/#/events/527
Jeugdhuis Asgaard,2026-11-20,"Atmospheric night: SEVEROTH, Splendidula & Déhà",,"Atmospheric night w/ Severoth, Splendidula & Déhà --- FIRST-EVER SEVEROTH PERFORMANCE IN BELGIUM --- Presented by Grimm & Artifacts From The Tangent Universe ▃▃ TICKETS: Presale 20 EURO LIMITED TO 150 TICKETS ▃▃ BANDS: SEVEROTH (Atmospheric Black Metal) First-ever performance in Belgium! Severoth…",https://asgaard.anykrowd.app/#/events/502
Edugo De Toren,2026-09-12,Hart Beats (Gratis),,"HART BEATS 12 september 2026 Een GRATIS inclusief familiefestival voor jong en oud. ✶ LINE-UP THE PYRAMID 14u00 Velvet Wood 16u00 backtoblue 17u50 The Same machine 20u30 Fixkes 21u45 DJ OPEN AIR 15u00 Kapitein Winokio 17u00 Kidsdisco 18u45 Recourse 52 16u00 clown pekkie ✭ RANDANIMATIE Kindergrime,…",https://www.uitinvlaanderen.be/agenda/e/hart-beats-gratis/b635f9c0-ee5a-451b-95de-f6515b2cef36
Hoofdzetel Europabank Gent (via ingang vlak naast Het Majin Huis),2026-10-17,Concert t.v.v. mensen met kanker,,"🎶 2 Gentse artiesten treden op voor een Gents goed doel. Zangeres Ann De Prest en pianiste Ann Lemaitre brengen prachtige covers van Nederlandstalige nummers. Ze doen dat ten voordele van Het Majin Huis, een begeleidingscentrum voor mensen met kanker. Deze benefiet vindt plaats in het weekend van…",https://www.uitinvlaanderen.be/agenda/e/concert-t-v-v-mensen-met-kanker/283cffda-9e29-4187-aa85-6f5baa979a33
Miry Concertzaal,2026-12-09,Ruiskamer: ssaliva invites - 0comeups / ssaliva & Visio / GAME,,"Ruiskamer slaat de handen in elkaar met Different Class met een avond gebouwd rond de Luikse audiovisuele kunstenaar François Boulanger aka ssaliva.

Onder de naam ssaliva maakt Boulanger sinds 2011 hypnotische en etherische soundscapes. Speciaal voor deze Ruiskamer schrijft hij met partner in…",https://www.uitinvlaanderen.be/agenda/e/ruiskamer-ssaliva-invites-0comeups-ssaliva-visio-game/55006554-b578-4221-85c8-6b78f97cd15a
Ha Concerts,2026-12-09,Interlinie met Ola Tunji & Mother Tongue,,"Spirituele afro-jazz in tweevoud Interlinie is een compacte concerttour die zich richt op het kruisbestuiven van Nederlandse en Belgische improvisatie, experimentele muziek en jazz. Dit ter bevordering van het goede gemoed én een overdracht tussen de Nederlandse en Belgische scene van avonturiers…",https://www.uitinvlaanderen.be/agenda/e/interlinie-met-ola-tunji-mother-tongue/1e285e3c-82f5-45c7-aa76-cebbb9094c31
VIERNULVIER,2026-10-13,Laryssa Kim x 'Outrage',ambient,In Outrage snijdt regisseur Ida Lupino de thematiek van seksueel misbruik en de nasleep ervan aan op een manier die – zeker voor die tijd – grensverleggend en taboedoorbrekend was. Deze ondergewaardee…,https://www.viernulvier.gent/nl/agenda/laryssa-kim-x-outrage-qgln
Wintercircus,2026-12-10,Nausca,,,https://apps.ticketmatic.com/widgets/vooruit/flow/democrazy?event=920309587888&l=nl#!/addtickets
Wintercircus,2026-12-10,Nausca - The Story of Lung-ta,,"Een film! Een concert! Een A/V show mét immersive sound. ‘The story of Lung-Ta’ is het allemaal. Nausca, een nieuw Ansatz der Maschine project, brengt een audiovisuele voorstelling waarbij 4 live muzi…",https://www.viernulvier.gent/nl/agenda/nausca-5jc4
De Gang,2026-10-03,Live in De Gang : chanson en kabaret met Karo,,"Karo combineert twee passies: Frans (zij is lerares Frans in Gent, België) en muziek. Zij zingt als een echte Française, met een stem vol timbre en gevoel die de harten van het publiek verovert. Tijdens haar concert betrekt ze het publiek interactief. Met een scherpe tong en heel wat humor brengt…",https://www.uitinvlaanderen.be/agenda/e/live-in-de-gang-chanson-en-kabaret-met-karo/e79a52f3-4b91-40b7-967f-7d9effda9ee8
Muziekcentrum De Bijloke Gent,2026-12-10,Brahms & Elgar - Christian Tetzlaff & Brussels Philharmonic,,"Brahms op het toppunt van zijn kunnen, Elgar op zijn emotioneelst en klasbak Tetzlaff die bekend repertoire volledig nieuw laat klinken

Virtuoze genialiteit, totale beheersing van zijn instrument, en de gave om bekend repertoire volledig nieuw te laten klinken: daarmee bouwde topviolist Christian…",https://www.uitinvlaanderen.be/agenda/e/brahms-elgar-christian-tetzlaff-brussels-philharmonic/cbceb566-652f-4e71-8d4e-e040a0856213
Ha Concerts,2026-12-10,Bright Lights Session,,De crème van songwriters in een eenmalig verbond Wat gebeurt er als je een groep indiemuzikanten uitdaagt om in één dag tijd een volledig concert op poten te zetten met elkaars muziek? Dat is precies wat de Bright Lights Sessions onderzoeken. Na meer dan dertig edities met al een honderdtal…,https://www.uitinvlaanderen.be/agenda/e/bright-lights-session/3faf695c-437c-46f2-9c0f-3c49f94e5602
VIERNULVIER,2026-10-14,YU SU x ‘Life is Cheap… But Toilet Paper is Expensive’,downtempo,"Ervaar een van de vroege meesterwerken van Wayne Wang (The Joy Luck Club, Smoke, Blue in the Face) met een gloednieuwe elektronische score door producer & dj Yu Su.",https://www.viernulvier.gent/nl/agenda/yu-su-x-life-is-cheap-but-toilet-paper-is-expensive-l6m8
VIERNULVIER,2026-10-15,Filip Wauters x 'Dead Man',,‘Dead Man’ is voor vele filmfanaten de beste film die regisseur Jim Jarmusch ooit maakte; een spirituele en poëtische western die het genre radicaal binnenstebuiten keert. Voor Videodroom transformeer…,https://www.viernulvier.gent/nl/agenda/filip-wauters-x-dead-man-r3zd
VIERNULVIER,2026-10-16,NAH x 'The Street Fighter',noise,Het meedogenloze filmgeweld van ‘The Street Fighter’ ontmoet de beukende percussie en rauwe noise van NAH. Zijn gloednieuwe live-soundtrack katapulteert de grindhouse-klassieker ‘The Street Fighter’ (…,https://www.viernulvier.gent/nl/agenda/nah-x-the-street-fighter-7ppv
Charlatan,2026-09-23,PYO,french,"Een retro en dromerig cyberpunkfenomeen, voor fans van Pomrad, Gwendoline, KOMPROMAT, Mareux, The Haunted Youth",https://www.charlatan.be/agenda/pyo-bhkd
Charlatan,2026-10-29,Mantah + Aeveris,Nu Metal,Maak je klaar voor een keiharde avond in de Charlatan.,https://www.charlatan.be/agenda/mantah-aeveris-8dqs
Ringo Music Bar,2026-09-14,Music Mania x Ringo Music Bar present: KEO - 'Put A Smile On For Me',,"'Put A Smile On For Me' is the debut album by the British alternative rock band Keo. 

The four-piece band from London combines influences from Radiohead, Jeff Buckley, and Wunderhorse into a compelling sound full of emotion and powerful guitars.

Experience this first hand at Ringo Music Bar. Free…",https://ringogent.be/agenda/music-mania-x-ringo-music-bar-present-keo---put-a-smile-on-for-me
Muziekcentrum Kinky Star,2026-09-24,Moonfolks - Album Release,,Moonfolks are presenting their new album &#34;The Black Wind&#34;. The album will be for sale at the venue.https://moonfolks.bandcamp.com/album/the-black-windMo,https://www.kinkystar.com/nl/events/2026-09-24-moonfolks---album-release
Bij' De Vieze Gasten,2026-12-11,"For the Sake of the Song - John Snauwaert, Emilie Mover, Nils de Caster en Sara De Smedt",,"Vier muzikanten. Twee koppels. Één gedeelde liefde voor het lied. Met For The Sake Of The Song brengen Emilie Mover, John Snauwaert, Nils De Caster en Sara De Smedt voor het eerst samen de kracht van dit nieuwe project naar buiten. Geen groot vertoon, maar een intiem concert waarin de kracht van…",https://www.deviezegasten.org/nl/programmatie/for-the-sake-of-the-song-john-snauwaert-emilie-mover-nils-de-caster-en-sara-de-smedt/786/2026-12-11
Kapel Klein Begijnhof,2026-11-29,"Stapelconcert  Ofer Canetti, cello",,"Ofer Canetti is cellist, arrangeur en kamermusicus; zijn carrière omvat soloptredens, orkestleiderschap, opnamewerk en lesgeven. Van 2019 tot 2026 was hij aanvoerder van de cellogroep bij het Kamerorkest van Stuttgart (Stuttgarter Kammerorchester), waarmee hij ook veelvuldig als solist optrad. Zijn…",https://www.uitinvlaanderen.be/agenda/e/stapelconcert-ofer-canetti-cello/e4849ff4-be2f-4af3-801b-f99ace65358a
Ha Concerts,2026-12-11,Tiny Tunes: Hihats In Trees,,"Bos vol beats In het bos van drummer Lander Gyselinck tikken en fluisteren de bomen. Muziek komt er niet uit machines, maar uit handen, stokken en trommels. Elk geluid is een beat, elke beat een stapje om te bewegen. Vier muzikanten maken er samen een ritme-avontuur. Soms klinkt het als een feestje…",https://www.uitinvlaanderen.be/agenda/e/tiny-tunes-hihats-in-trees/3332cec5-64b3-4139-8f90-d6339bebec1c
Ha Concerts,2026-12-11,Hihats In Trees,Fusion,"Akoestische clubmuziek Hihats In Trees is het soloproject van drummer en producer Lander Gyselinck (Lander & Adriaan, STUFF., BeraadGeslagen). Vanuit zijn doctoraatsonderzoek ontwikkelde hij een eigen benadering van beatcultuur, volledig opgebouwd uit akoestische, niet‑synthetische klanken. HHIT…",https://www.uitinvlaanderen.be/agenda/e/hihats-in-trees/541e9175-c423-4b7e-9446-14abde6101b4
Capitole Gent,2026-12-11,Natalia - The Christmas Experience,pop,"Power queen Natalia zet elk podium in vuur en vlam, maar dit najaar doet ze dat met kerstlichtjes. Gekend om haar krachtige stem, energieke shows en ongeëvenaarde live-performances, zet de Kempense nachtegaal met zichtbaar plezier haar tanden in een fonkelnieuw muzikaal avontuur. Onder de noemer…",https://www.uitinvlaanderen.be/agenda/e/natalia-the-christmas-experience/6c2274b7-9e69-45fb-8da4-3cd37b3de137
Muziekcentrum De Bijloke Gent,2026-12-12,Hermetika: het goddelijk vrouwelijke - Nadar Ensemble,,"In verschillende zalen klinken flarden van het ‘Hooglied’, renaissancemuziek en pornosamples

In ‘Hermetika IX’ duikt Nadar Ensemble in de mysterieuze wereld van de Nag Hammadi-geschriften: apocriefe teksten vol paradoxen, waarin een vrouwelijke god tegelijk engel en demon belichaamt. Bernhard Lang…",https://www.uitinvlaanderen.be/agenda/e/hermetika-het-goddelijk-vrouwelijke-nadar-ensemble/f4a9d0b7-0cd2-45de-931f-f8c4f0e1a6b0
Capitole Gent,2026-12-12,'60 Years of Pink Floyd' by a Pink Floyd experience,,"Na hun succesvolle debuut tournee  komt de 8-koppige liveband A Pink Floyd Experience met een gloednieuwe show. Met de herkenbare Pink Floyd sound, een spectaculaire lichtshow en meeslepende videoprojecties brengen ze een ode aan hun muzikale helden. Pink Floyd evolueerde tot pioniers van de…",https://www.uitinvlaanderen.be/agenda/e/60-years-of-pink-floyd-by-a-pink-floyd-experience/577b5c7a-386d-42a2-8c0b-3e3aea22bdce
Ha Concerts,2026-12-12,Emmy d'Arc,indie rock,"Rauwe songs Vergeet de gepolijste popmeisjes. Emmy d’Arc is van een ander kaliber. Terwijl haar leeftijdsgenoten nog met poppen speelden, zong Emmy de PlayStation-game SingStar aan gort en claimde ze haar eerste gitaar. De missie was toen al duidelijk: het podium op. Niet om te behagen, maar om te…",https://www.uitinvlaanderen.be/agenda/e/emmy-d-arc/995a8f14-b99d-460c-98c2-ef7aeaa2b96d
S.M.A.K. - Stedelijk Museum voor Actuele Kunst,2026-12-13,Kamerconcert | Maya Homburger & Barry Guy,,In de geest van de huiselijke sfeer van Chambres d’Amis brengen Maya Homburger en Barry Guy een eigentijdse vorm van kamermuziek naar de museumzalen. Tijdens hun ‘Bach Meditation’ nemen Homburger (viool en altviool) en Guy (contrabas) je mee op een meditatieve reis met ‘Solo Sonatas’ en ‘Partitas’…,https://www.uitinvlaanderen.be/agenda/e/kamerconcert-maya-homburger-barry-guy/428ec850-0d91-422e-a52b-9b823567be9a
Muziekcentrum De Bijloke Gent,2026-12-13,"Der Messias - NDR Vokalensemble, Orkest van de Achttiende Eeuw & Klaas Stok",,"Absolute kerstklassieker met een toefje sauerkraut

In 1789 vroeg baron van Swieten Mozart om Händels ‘Messiah’ te bewerken naar Weense smaak. Wolfgang Amadè pakte het clever aan, behield alle noten van Händel maar herorkestreerde het zaakje en voegde passages voor blazers toe. Het resultaat? ‘Der…",https://www.uitinvlaanderen.be/agenda/e/der-messias-ndr-vokalensemble-orkest-van-de-achttiende-eeuw-klaas-stok/928f6db3-42c9-4ae7-8fda-59e037b2663c
Sint Lievenscollege,2026-12-12,kerstconcert Schola Cantorum Gent,,Uitvoering van Nidaros Jazz Mass (Bob Chilcott),https://www.uitinvlaanderen.be/agenda/e/kerstconcert-schola-cantorum-gent/e8b21635-5f74-4825-b8b0-1a8b2edb3f2f
Sint-Widostraat,2026-12-13,ÁRSTÍÐIR (IJsland),folk,"Árstíðir is een IJslandse band uit Reykjavík, met muziek die balanceert tussen de eeuwenoude Noorse traditie en hedendaagse songwriting.  Hun concerten bewegen zich tussen intieme a capella momenten en grootse, filmische arrangementen, waardoor de band bekendstaat om haar meeslepende liveoptredens.…",https://www.uitinvlaanderen.be/agenda/e/rst-ir-ijsland/466c676c-f5ec-4548-9797-8aae87666357
De Centrale,2026-12-13,Cem Erdost İleri,,"Sommige artiesten bouwen bruggen tussen verleden en heden. Cem Erdost İleri is zo'n muzikant. De Turkse zanger, componist en bağlama-speler staat bekend om zijn warme, karaktervolle stem en zijn vernieuwende benadering van de Anatolische muziektraditie. Met zijn aparte muzikale taal verweeft hij…",https://www.uitinvlaanderen.be/agenda/e/cem-erdost-i-leri/7869eb0d-225d-4985-bce9-63af16efa603
Missy Sippy,2026-09-17,PRAGANA & CESARIO,,SAMBA • BOSSA NOVA • MPB • FORRÓ • AFRO-BRAZILIAN,https://www.eventbrite.be/e/pragana-cesario-brazilian-music-missy-sippy-tickets-2000957617097
Missy Sippy,2026-09-22,Luminous Dash presents MISSY GOES UNDERGROUND,,KRAUTROCK • MODERN JAZZ • FUNK • LATIN JAZZ,https://www.eventbrite.be/e/luminous-dash-presents-missy-goes-underground-phokov-agatan-saks-tickets-2001065193862
Ringo Music Bar,2026-09-29,MUZIEKQUIZ - 29.09 RINGO,,"🎶
Ben jij een muziekliefhebber en dol op quizzen?
Liesbeth en Geert presenteren een allround muziekquiz van hair metal, rock tot pop en Rnb. Verwacht een brede mix van genres en verrassende vragen die je muziekkennis stevig op de proef stellen.
Test samen met je team jullie kennis en strijd voor de…",https://ringogent.be/agenda/muziekquiz---29.09-ringo
Chinastraat,2026-10-09,Gaia #002,,BIIANCO and KTK presents: GAIA,https://shop.paylogic.com/c612ce830fff4d6b880169d25948e57c/
parochiehuis Sint-Paulus,2026-09-18,Folk & Far Beyond – Een muzikale reis zonder grenzen,,"Folk & Far Beyond – Een muzikale reis zonder grenzen Twee muzikanten, één podium, eindeloos veel sfeer! Samen bespelen ze 4, 5 én 6 snaren , maar liefst 130 knoppen en toetsen en brengen ze hun muziek tot leven met vier krachtige stembanden . Hun repertoire neemt je mee op een muzikale reis van…",https://www.uitinvlaanderen.be/agenda/e/folk-far-beyond-een-muzikale-reis-zonder-grenzen/60b99cbb-bcb7-4cf6-b1e8-ab525b662acf
Café de Loge,2026-09-23,Head on Stone || Luminous Fest,,"Head on Stone is het soloproject van Nele Janssen , de furieuze frontvrouw van het noisetrio Peuk . Aan de piano zoekt ze de ruimte tussen kwetsbaarheid en kracht, met songs die klein kunnen beginnen maar lang blijven nazinderen. Met breekbare stem voert Nele je mee naar een muzikaal landschap dat…",https://www.uitinvlaanderen.be/agenda/e/head-on-stone-luminous-fest/52dd8dd2-2dfe-403c-8f7f-91b9cedd8c75
Industriemuseum,2026-09-27,Industriefestival: swishing,,Een miskoop die je niet meer draagt? Een broek die niet meer past? Een trui die niet flatteert? Breng ze binnen en ruil ze voor een nieuwe perfect fit! Het Swishing-team bekijkt de kledingstukken die je mee hebt en kent er punten aan toe waarmee jij nieuwe stukken kan gaan scoren in de Swishing…,https://www.uitinvlaanderen.be/agenda/e/industriefestival-swishing/0c024200-b5da-4ff7-9413-87d1193e1cc3
Design Museum Gent,2026-10-02,Radio Ruit,,"Radio Ruit is een Gentse online communityradio met thuisbasis in kunstruimte 019. Sinds 2020 geven ze creatievelingen, collectieven, muzikanten en dj’s er een plek in de ether en nu ook achter onze draaitafels. Laat je meeslepen door de uiteenlopende stijlen en duik mee de avond in. 02.10.2026…",https://www.uitinvlaanderen.be/agenda/e/radio-ruit/dfbb2d6b-c3d5-4936-9a5f-aea09c6336e2
Sint-Bernadettekerk,2026-10-04,concert Liedertafel ‘Oefening en Vermaak van Waalwijk en Besoijen’,,"Liedertafel ‘Oefening en Vermaak van Waalwijk en Besoijen’ is een gemengd koor van ruim 40 leden. Het is opgericht in 1860 en daarmee één van de oudste koren van Nederland. Het repertoire is veelzijdig en bestaat uit zowel klassieke- als semi-klassieke muziek, musical en moderne liederen. We geven…",https://www.uitinvlaanderen.be/agenda/e/concert-liedertafel-oefening-en-vermaak-van-waalwijk-en-besoijen/9276cae8-dd10-4f1c-8fd6-5373f16b2656
Sint-Michielskerk,2026-10-11,Evie Moore,,PRAKTISCH 📅 Wanneer: zondag 10 oktober 🕖 Uur: 15.00 uur 📍 Waar: Sint-Michielskerk Gent 🎶 Wie: Evie Moore 🎟️ Toegang: gratis,https://www.uitinvlaanderen.be/agenda/e/evie-moore/f60b54bb-63a6-447d-b9f7-151ffaa211f1
Sint-Michielskerk,2026-10-20,"Koor ""School nn""",oriental rock,PRAKTISCH 📅 Wanneer: dinsdag 20 oktober 🕖 Uur: 15.00 uur 📍 Waar: Sint-Michielskerk Gent 🎶 Wie: School nn 🎟️ Toegang: gratis,https://www.uitinvlaanderen.be/agenda/e/koor-school-nn/2c089871-edb2-4527-a8a4-5924f2f1d207
O.L.V. Sint-Pieterskerk,2026-10-24,"Concert GMK: ""Kings & Queens""",,"Dit najaar brengen we met het Gents Madrigaalkoor enkele absolute toppers uit de Engelse renaissance en barok. Waan je een echte koning en koninginnen onder de meeslepende melodieën van o.a. Thomas Tallis en enkele échte publiekslievelingen, zoals: Coronation Anthems van Georg Friedrich Händel…",https://www.uitinvlaanderen.be/agenda/e/concert-gmk-kings-queens/a97e35d3-5699-43ec-b6ca-30a892369477
Muziekcentrum De Bijloke Gent,2026-10-25,Filmconcert: Fritz Langs Metropolis (1927) met live begeleiding Wishful Singing,,"Leven in een wereld met kunstmatige intelligentie, robots en sociale ongelijkheid. In de science fiction van een eeuw geleden kwam het al voorbij. De iconische klassieker Metropolis (1927) van Fritz Lang voelt actueler dan ooit. We beleven een stad in 2026, zoals Fritz Lang hem in 1927 voor zich…",https://www.uitinvlaanderen.be/agenda/e/filmconcert-fritz-langs-metropolis-1927-met-live-begeleiding-wishful-singing/6972d3f1-1b4a-4756-8ea0-d9eac97a08e1
De Koer,2026-10-31,HEIBELWEEN: Geitenvel + Harde Smart & Frans Kalf + Karma Gauloises + Dagerblad + Rotbrijn,,"▻ HEIBELWEEN: Geitenvel + Harde Smart & Frans Kalf + Karma Gauloises + Dagerblad + Rotbrijn B2B ROESTI Pay what you can €14 - €17 - €20 / kansentarief €3,4 ⓘ https://dekoer.be/programma/heibelween-geitenvel-meer/ ──── HEIBELWEEN is het engste feestje van Gent, met huiveringwekkende muziek,…",https://www.uitinvlaanderen.be/agenda/e/heibelween-geitenvel-harde-smart-frans-kalf-karma-gauloises-dagerblad-rotbrijn/817cecc1-6f00-4e52-aac2-2f31de3b756e
De Koer,2026-11-10,De Kloe + Joeri Chipsvingers & Nemø Ensemble: ‘Neem en eet hiervan’,dance,"▻ De Kloe + Joeri Chipsvingers & Nemø Ensemble: ‘Neem en eet hiervan’ Pay what you can €11 - €14 - €17 / kansentarief €2,8 ⓘ http://www.dekoer.be/.../de-kloe-joeri-chipsvingers-nemo... ──── 19:30 – De deuren gaan open, welkom voor een drankje! 20:00 – Joeri Chipsvingers & Nemo Ensemble: ‘Neem en…",https://www.uitinvlaanderen.be/agenda/e/de-kloe-joeri-chipsvingers-nem-ensemble-neem-en-eet-hiervan/ad1d6a45-115a-4283-9a3d-f754ea4169ac
Onze Lieve Vrouw Geboortekerk,2026-11-11,Benefietconcert Mi Alma tvv. 11.11.11.,,"Mi Alma zal een concert geven in de kerk van Mariakerke (Gent) op 11 november 2026 om 11h. Mi Alma bestaat uit twee Gentenaren met een hart voor Latijns-Amerikaanse muziek. Bruno en Esther gaan op zoek naar intimiteit, diepgang en melancholie. Hun stemmen versmelten samen met de mooie harmonieën…",https://www.uitinvlaanderen.be/agenda/e/benefietconcert-mi-alma-tvv-11-11-11/dd87392b-3261-4242-a330-acb5cd4c497c
parochiehuis Sint-Paulus,2026-11-11,Katrien Verfaillie Suspension du temps,,Aanvang 20u Deuren open om 19u Voorverkoop €18 Aan de kassa €20 Uit-pas met kansentarief €4,https://www.uitinvlaanderen.be/agenda/e/katrien-verfaillie-suspension-du-temps/cfa5f171-41b1-45b5-925f-decb7b2dc654
Sint-Coletakerk,2026-11-21,PIANO STORIES by candlelight (concert Matthias De Jaeger),,"PIANO STORIES by candlelight concert Matthias De Jaeger Tijdens Piano Stories by Candlelight neemt pianist-componist Matthias De Jaeger je mee in een bijzonder concert vol verhalen en verbeelding. Verhalen die hij vertelt via de piano, maar ook verhalen die tussen de muziek door tot leven komen —…",https://www.uitinvlaanderen.be/agenda/e/piano-stories-by-candlelight-concert-matthias-de-jaeger/293c98f8-1013-4ca6-af66-d84ad16a9040
Sint-Coletakerk,2026-11-24,Jef Neve solo - Key Energy (Gent),,"Jef Neve soloconcert – Key Energy 📍 Locatie: Gent (Coletakerk) 📅 Datum: 24 & 25 november 2026 Na 25 jaar op de internationale concertpodia keert pianist en componist Jef Neve terug naar de essentie. Met Key Energy blikt hij niet alleen terug op een indrukwekkende carrière, maar opent hij tegelijk…",https://www.uitinvlaanderen.be/agenda/e/jef-neve-solo-key-energy-gent/79a25833-be73-482d-a690-ea34d28691ff
Begijnhof Onze-Lieve-Vrouw ter Hoyen Klein Begijnhof Gent,2026-11-29,"Stapelconcert  Ofer Canetti, cello",,"Ofer Canetti is cellist, arrangeur en kamermusicus; zijn carrière omvat soloptredens, orkestleiderschap, opnamewerk en lesgeven. Van 2019 tot 2026 was hij aanvoerder van de cellogroep bij het Kamerorkest van Stuttgart (Stuttgarter Kammerorchester), waarmee hij ook veelvuldig als solist optrad. Zijn…",https://www.uitinvlaanderen.be/agenda/e/stapelconcert-ofer-canetti-cello/e4849ff4-be2f-4af3-801b-f99ace65358a
parochiehuis Sint-Paulus,2026-12-06,Emilie Mover & John Snauwaert,,"Emilie Mover & John Snauwaert Een unieke muzikale ontmoeting tussen de Canadese singer-songwriter Emilie Mover en de Belgische saxofonist John Snauwaert. Soulvolle, melancholische folk en jazz samen met de expressieve, veelzijdige saxofoon van John Snauwaert. Aanvang 15u Deuren open om 14u…",https://www.uitinvlaanderen.be/agenda/e/emilie-mover-john-snauwaert/15d81831-ffc9-47ca-a186-91bfa6b95003
VIERNULVIER,2026-10-17,Casino 'Battle' Royale,rock,"Opgelet: naar jaarlijkse gewoonte sluiten we Videodroom af met een uniek soundtrackproject zonder film. Verwacht in deze dus geen Bond-film op het scherm, maar wel een once-in-a-lifetime muzikale homm…",https://www.viernulvier.gent/nl/agenda/casino-battle-royale-xrr2
Charlatan,2026-12-18,Wholes/NotWholes,,Festival time!,https://www.charlatan.be/agenda/wholes-notwholes-6gzb
Ringo Music Bar,2026-09-18,2 Year Anniversary Weekend,,"Twee jaar muziek, pinten, platen, liveshows, late nachten en alles daartussenin. Dat vieren we zoals het hoort: twee avonden feest.
FRIDAY 18.09
VINNIE & CHARLIE
Allround bangers, classics & guilty pleasures.
SATURDAY 19.09
HINDU RADIO & FRIENDS
Rock ’n roll, indie, 80’s, classics & everything we…",https://ringogent.be/agenda/2-year-anniversary-weekend
Ringo Music Bar,2026-09-25,DJ Barreto Soul,,"◊ DJ Barreto Soul
▬▬▬▬▬▬▬▬▬▬▬

Oi Oi Oi! Beloved Soullovers, at last we can look forward again to a classic Mod Allnighter in Ghent! 
A cocktail of rare & classic Mod Jazz, original R'n'B, Motown finest, 6Ts Soul, Northern, Beat & Garage , Ska & Rocksteady with a flavour of Latin Jazz & Boogaloo.…",https://ringogent.be/agenda/dj-barreto-soul
Ringo Music Bar,2026-09-26,Toxic Cheerleaders,,"◊ Toxic Cheerleaders
▬▬▬▬▬▬▬▬▬▬▬
Maak je klaar voor een avond met Toxic Cheerleaders! Dit vrouwelijke DJ-duo brengt een onweerstaanbare mix van Pop en Rock 'n' Roll, gehuld in een wilde cheetah print. Met hun unieke stijl zorgen ze voor een onvergetelijke avond vol fun en muziek. Kom en ervaar de…",https://ringogent.be/agenda/toxic-cheerleaders
Ringo Music Bar,2026-10-01,ROMANCE IS A PLACE,,"𝚁𝙾𝙼𝙰𝙽𝙲𝙴 𝙸𝚂 𝙰 𝙿𝙻𝙰𝙲𝙴
Gritty guitars. Great pop. Bad decisions.

Nieuwe night in Ringo voor iedereen die wil dansen op gitaren, pop, indie en elektronica.

Denk 𝘚𝘰𝘮𝘣𝘳, 𝘋𝘫𝘰, 𝘖𝘭𝘪𝘷𝘪𝘢 𝘋𝘦𝘢𝘯, 𝘍𝘰𝘯𝘵𝘢𝘪𝘯𝘦𝘴 𝘋.𝘊., 𝘞𝘦𝘵 𝘓𝘦𝘨, 𝘊𝘩𝘢𝘱𝘱𝘦𝘭𝘭 𝘙𝘰𝘢𝘯, 𝘊𝘩𝘢𝘳𝘭𝘪 𝘹𝘤𝘹, 𝘉𝘪𝘭𝘭𝘪𝘦 𝘌𝘪𝘭𝘪𝘴𝘩, 𝘓𝘰𝘳𝘥𝘦, 𝘖𝘭𝘪𝘷𝘪𝘢 𝘙𝘰𝘥𝘳𝘪𝘨𝘰, 𝘛𝘩𝘦 𝘓𝘢𝘴𝘵 𝘋𝘪𝘯𝘯𝘦𝘳 𝘗𝘢𝘳𝘵𝘺,…",https://ringogent.be/agenda/romance-is-a-place011026
Ringo Music Bar,2026-10-02,TLP,,"TLP
▬▬▬

Al meer dan 40 jaar is TLP een van de meest gerespecteerde selectors van het land. Van de legendarische dagen in Culture Club en Charlatan tot festivals en dansvloeren overal ter wereld: zijn reputatie is gebouwd op één simpel principe — altijd de juiste plaat op het juiste…",https://ringogent.be/agenda/tlp-ringo-2
Ringo Music Bar,2026-10-10,SELECTOR: WANNES LENAERS,,"◊ Selector: Wannes Lenaers
▬▬▬▬▬▬▬▬▬▬▬
Verwacht een brede duik in de 80s: van donkere new wave en glanzende synth pop tot italo, obscure parels en onweerstaanbare klassiekers. Dansbaar, stijlvol en met genoeg onverwachte platen tussendoor om het spannend te houden.

Voor liefhebbers van…",https://ringogent.be/agenda/selector-wannes-lenaers
Ringo Music Bar,2026-10-23,Nillies Clubnight - Back to 2000s,,"THE NILLIES — DE JAREN NUL
The Naughty Noughties
Skinny jeans. Klaptelefoons. iPods. MySpace. Veel te lage broeken en minstens één kapsel waar we nu liever niet meer over praten.
Na twee uitverkochte edities duiken we opnieuw de jaren nul in. Een decennium waarin gitaarbands opnieuw gigantisch…",https://ringogent.be/agenda/nillies-clubnight---back-to-2000s
Bij' De Vieze Gasten,2026-10-03,Vieze Gasten 25: De Propere Fanfare - Verveine Magique,,"Maak kennis met de Propere Fanfare en met hun nieuwste show VERVEINE MAGIQUE! De Propere Fanfare, kortweg, De Propere, is wereldberoemd! In de wijk de ‘Brugse Puurt’, hun thuishaven, in de mooie stad Gent en ver daarbuiten.

De fanfare telt 90+ deelnemers, stuk voor stuk schone mensen. Ze zijn zo’n…",https://www.deviezegasten.org/nl/programmatie/vieze-gasten-25-de-propere-fanfare-verveine-magique-/794/2026-10-03
Zaal Goedleven,2026-09-25,The Grave Brothers + Howlin’ Bones (UK) + Renegade Bandits (NL),psychobilly,"THE GRAVE BROTHERS In de teksten van The Grave Brothers wordt er al eens graag iets gedronken en gefeest. Daar draait het zowat om. En waarom niet? Toevallig leent hun muziek, een mix van COUNTRY, PSYCHOBILLY, BLUEGRASS en PUNK, zich daar perfect toe. COWPUNK wordt zoiets genoemd. Live-optredens…",https://tickets.ticketsgent.be/nl/buyingflow/tickets/37111/70053/
Zaal Goedleven,2026-09-26,Ænima plays Ænima,,Tickets Gent,https://tickets.ticketsgent.be/nl/buyingflow/tickets/34517/65977/
Zaal Club Black Box,2026-10-09,GHOST CAMARO + WEUSEDTOWEARDICKIES (support),,,https://muziekcentrumgoedleven.be/concert/ghost-camaro/
Zaal Goedleven,2026-10-10,FUNERAL DRESS + SEXTC (support) + ABELAER (support),punk,Tickets Gent,https://tickets.ticketsgent.be/nl/buyingflow/tickets/37105/70052/
Zaal Club Black Box,2026-10-31,‘NDAN,,,https://muziekcentrumgoedleven.be/concert/ndan/
Zaal Goedleven,2026-11-14,Aberdeen + Them Bones,twee,Tickets Gent,https://tickets.ticketsgent.be/nl/buyingflow/tickets/44347/89431/
Café de Loge,2026-09-27,Jeroen Vanbever,,"Jeroen Vanbever is een Belgische muzikant en improvisator die intieme, genreoverschrijdende performances creëert op het snijpunt van akoestische klanken en elektronica. In zijn soloproject verweeft hij saxofoon, bas en live-elektronica tot een gelaagd en sfeervol klanklandschap, gevormd door…",https://www.uitinvlaanderen.be/agenda/e/jeroen-vanbever/16e0e4ac-bdbf-451e-8d9e-32c201fcbf24
Club Telex,2026-09-29,Douglas Firs - support: Sæge ⭑ Telex Club Night,singer-songwriter,"Doors: 19u30 // 20u: Sæge // 21u30: Douglas Firs Free entry ★★★★★ “Vijf sterren. Moeiteloos” - Humo ★★★★ “Douglas Firs pareert pijn met pracht.” - De Standaard “I like this… Instantly.” — Noel Gallagher Na een succesvolle full band tour, gooit Gertjan Van Hellemont (Douglas Firs) het roer om en…",https://www.uitinvlaanderen.be/agenda/e/douglas-firs-support-s-ge-telex-club-night/53a2330c-a4b5-4c38-9795-bf212bbf83e2
Café de Loge,2026-09-30,Met Andere Woorden,,"‘Met Andere Woorden’ is eigenzinnig cabaret en kleinkunst dat de verwachtingen van de maatschappij op tafel gooit en er samen met u gezellig tegenaan schopt. Met piano, loopstation en stem fileert Silke De Smedt op cabareteske wijze uw wereldbeeld, aan de hand van eigen Nederlandstalige nummers.…",https://www.uitinvlaanderen.be/agenda/e/met-andere-woorden/1e011b29-1946-4593-abb4-7cb27bd53e84
Zaal Gildenhuis,2026-11-06,Baronie Gent presenteert Rhône wijnen & Musette met Les Amis de Derek,,"Derek is de drijvende kracht achter La Place Musette op de Gentse Feesten. Jaar na jaar slaagt hij erin om, midden in de bruisende drukte van de stad, een warme en intieme ambiance te creëren waar muziek, gezelligheid en ontmoeting centraal staan. Om deze avond compleet te maken, voorziet de…",https://www.uitinvlaanderen.be/agenda/e/baronie-gent-presenteert-rh-ne-wijnen-musette-met-les-amis-de-derek/ff0b3510-6840-492a-8708-9abb5e905d8a
Club Telex,2026-11-16,Elis Floreen - support: mountaintide ⭑ Telex Club Night,,Doors: 19u30 // 20u: mountaintide // 21u30: Elis Floreen Free entry ★ Elis Floreen Zelfbenoemde ergste nachtmerrie van kappers; met een hekel aan het opnemen van zang in een spijkerbroek; droomt van een hond en een vaatwasser – en van Cate Blanchett die haar ontvoert en verliefd op haar wordt.…,https://www.uitinvlaanderen.be/agenda/e/elis-floreen-support-mountaintide-telex-club-night/e2ae2304-1526-414f-a105-2844d0957907
Capitole Gent,2026-12-17,Dana Winner - kerstconcert,dana winner,"De koningin van het Nederlandstalige lied komt terug naar het theater met een sfeervol kerstconcert vol klassiekers, live band en verrassende gasten. Dana Winner verwelkomt je op haar nieuw exclusief concert, ondergedompeld in een warme, feestelijke sfeer. De koningin van het Nederlandstalige lied…",https://www.uitinvlaanderen.be/agenda/e/dana-winner-kerstconcert/68a2aae9-6bd4-4004-8707-9416c725a7d8
Bijlokesite,2026-12-17,"Operalab#3, International Opera Academy",,Ontdek de operaprofessionals van morgen in een reeks intieme en kleinschalige voorstellingen. Het aanstormend talent van de International Opera Academy en specialisten van Opera Ballet Vlaanderen slaan de handen in elkaar.,https://www.uitinvlaanderen.be/agenda/e/operalab-3-international-opera-academy/3e3f7856-8b10-4f47-a564-871b4d824180
Muziekcentrum De Bijloke Gent,2026-12-18,"Brieven van Toots - Rutger Mathys, Ella Michiels, Max Wyckaert & Wido Uvin",,"Heimwee naar de Marollen, onderonsjes met wereldsterren, succes versus gemis: het hart van Toots gaat bloot in een voorstelling als een dagboek

Geen Belg die weleens de mondharmonica aan de lippen zet, kan om Toots Thielemans heen. Met de erfenis van ‘s werelds bekendste ketje als kompas, groeide…",https://www.uitinvlaanderen.be/agenda/e/brieven-van-toots-rutger-mathys-ella-michiels-max-wyckaert-wido-uvin/c96530af-c23e-4b80-bb2a-e7aa556b6425
Ha Concerts,2026-12-18,The Selecter,ska,The Queen of Ska Met haar kenmerkende stem en onwrikbare présence groeide frontvrouw Pauline Black uit tot de onbetwiste Queen of Ska. Als boegbeeld van The Selecter bracht ze klassiekers als ‘On My Radio’ en ‘Too Much Pressure’ tot leven. Meer dan vier decennia later klinkt hun muziek nog even…,https://www.uitinvlaanderen.be/agenda/e/the-selecter/69579016-995d-467c-af82-b4791aa43331
Charlatan,2026-11-11,WEST COAST CARAVAN + PREKOWSKI,,"WEST COAST CARAVAN Vergis je niet: deze ‘caravan’ kom je niet tegen op een camping! De fragiele constructie is amper bestand tegen het rauwe, ongelikte, hoekige geluid van deze rockband dat je frontaa…",https://www.charlatan.be/agenda/west-coast-caravan-prekowski-7d28
Charlatan,2026-11-12,WIES,netherlands,WIES stelt derde album “AH!” voor !,https://www.charlatan.be/agenda/wies-zqx4
Chinastraat,2026-10-02,Ethereal Echoes Pay What You Can,,"After two sold-out editions, Ethereal Echoes is back at Chinastraat in Ghent for another journey through sound, atmosphere and everything in between.",https://ticketstripe.com/E-E-PayWhatYouCan
Chinastraat,2026-10-03,Trancy Vibes Vol.2,,"Light'N Vibes lands in Ghent ! Based in Lille, France, the collective has been taking its events across France and Belgium, building nights around electronic music, different scenes and a shared love for the dancefloor.",https://shotgun.live/en/events/trancy-vibes-vol-2
Chinastraat,2026-10-03,19 Years Sevenum Six,,Celebrating 19 Years as a DJ and Producer and my 36th Birthday 🎉,https://shop.weeztix.com/ba840ecd-68f5-11f1-8e27-d65b0659bc31/tickets
Bij' De Vieze Gasten,2026-10-03,Vieze Gasten 25: Marcel Pragana & The Supa Ginga,,"Pragana & The Super Ginga is een Braziliaans muziekcollectief gevestigd in België, geleid door zanger en componist Marcel Pragana uit Rio de Janeiro. De groep vermengt Marcels originele composities met vernieuwde klassiekers uit de samba en Música Popular Brasileira, en creëert zo overal waar ze…",https://www.deviezegasten.org/nl/programmatie/vieze-gasten-25-marcel-pragana-the-supa-ginga/795/2026-10-03
Zaal Goedleven,2026-12-19,Sons of the Culture Clash,heavy,Tickets Gent,https://tickets.ticketsgent.be/nl/buyingflow/tickets/43777/88285/
Geheel de Uwe,2026-09-25,Live in GDU: Annelee,,"Op vrijdag 25 september treedt Annelee op in Geheel de Uwe! Ze heeft al vaker opgetreden op de Open Mic en nu is het tijd voor een eigen show! Annelee maakt mooie indiefolk muziek die u zeker wilt horen! Dat kan vrijdag om 20.00 uur. Tot dan! Het optreden is gratis, maar we gaan wel rond met de…",https://www.uitinvlaanderen.be/agenda/e/live-in-gdu-annelee/5c60d8c5-74e1-4621-a96f-575de6e89bce
Tandwiel,2026-09-26,Rock over Bernadette,,"ROCK OVER BERNADETTE gaat voor een 2de editie! Omdat het kan, omdat het nodig is, omdat het moet! Muziek verbindt, zelfs als ge de muziek niet helemaal uw ding vindt, kom gewoon zelf ontdekken en oordelen! Wederom feest dus op de site van de vroegere Bernadettewijk! In samenwerking met de ouderraad…",https://www.uitinvlaanderen.be/agenda/e/rock-over-bernadette/b11689b3-c307-4688-99eb-b4906ecdf751
Sint Niklaaskerk,2026-10-17,Bach Concerts Ghent: Orgelconcert door Erwin Wiersinga,,De Bachconcerten zijn een reeks orgelconcerten in de Sint-Niklaaskerk in het hart van Gent. Elke derde zaterdag van de maand om 16u kan je genieten van een uniek programma waar de monumentale orgelwerken van Johann Sebastian Bach centraal staan. Deze concerten worden georganiseerd in afwachting van…,https://www.uitinvlaanderen.be/agenda/e/bach-concerts-ghent-orgelconcert-door-erwin-wiersinga/bdad0f72-41cf-4872-b9ab-17a65cd158e6
Muziekcentrum De Bijloke Gent,2026-12-19,Meeuwsens mega-kerst - Nikola Meeuwsen,,"Kampioen serveert kerstdiner met enkel hoofdgerechten: Bach, Ravel, Mendelssohn en Beethoven

Nikola Meeuwsen won de Koningin Elisabethwedstrijd 2025 en deed zichzelf een recital vol guilty pleasures cadeau. 

Brahms gaat aan de slag met Bachs befaamde 'Chaconne', Ravel groet een held in ‘Le…",https://www.uitinvlaanderen.be/agenda/e/meeuwsens-mega-kerst-nikola-meeuwsen/f3c40c78-3cc7-46dc-aa41-fa18cd7c7479
Capitole Gent,2026-12-19,Bee Gees by The Tree Gees,,"60 Years of Hits Meer dan 3 decennia lang stonden de broers Gibb, beter bekend als de “ Bee Gees “, aan de top van de internationale muziekwereld met talloze top 10-hits en een handvol nummer 1-hits . De internationaal gerenommeerde tributeband “The Three Gees” neemt je tijdens een bijna twee uur…",https://www.uitinvlaanderen.be/agenda/e/bee-gees-by-the-tree-gees/880d206b-8cbd-42a5-b9bc-8606c8b66449
Ha Concerts,2026-12-19,Portland (albumrelease),synthpop,"“Portland klinkt er meer als Arcade Fire dan Arcade Fire anno 2025.” - HUMO “Festivalkrakers én breekbare stukken.” - OOR “De band klinkt een pak energieker dan voorheen.” - De Standaard Als herboren 2023 had voor Portland een doorbraakjaar moeten worden, met een glansrol in Liefde voor Muziek en…",https://www.uitinvlaanderen.be/agenda/e/portland-albumrelease/a04ad98f-9383-42d7-bb90-a2f56c97e5f7
Marriott Hotel,2026-12-20,CasAperta Muzieksalon voor mensen met dementie en hun naasten,,Een samenwerking met HOGent Conservatorium In CasAperta Muziek Salon verwelkomen we duo’s: een naaste samen met een persoon met (jong)dementie. Laat even iets weten als je plant te komen. Ontvangst vanaf 14.00U. Het concert start om 14.30U en wordt rond 16u00 gevolgd door een lekkernij. We ronden…,https://www.uitinvlaanderen.be/agenda/e/casaperta-muzieksalon-voor-mensen-met-dementie-en-hun-naasten/6ef7e9aa-6f2a-43a7-8011-eeee914a992e
parochiehuis Sint-Paulus,2026-12-20,Prelude tot kerst -📷 Een sfeervol concert vol warmte en muzikale pracht,,"Prelude tot kerst - Een sfeervol concert vol warmte en muzikale pracht Laat je onderdompelen in de magie van Kerstmis tijdens een hartverwarmend concert vol tijdloze muziek. Lyrisch bariton Paul Claus en pianiste Ellen Lampo brengen een zorgvuldig samengesteld programma met klassieke, romantische…",https://www.uitinvlaanderen.be/agenda/e/prelude-tot-kerst-een-sfeervol-concert-vol-warmte-en-muzikale-pracht/bd7f318b-a29f-471d-af8a-351370902ede
Gent OLV kerk Klein Begijnhof,2026-12-19,A Midwinter Ceremony,,"Wanneer de dagen kort zijn, de nachten lang en de winter langzaam over het landschap neerdaalt, is er ruimte voor verstilling, bezinning en verwondering. A Midwinter Ceremony is een muzikale reis door het hart van de winter en brengt deze bijzondere sfeer tot leven in warme en rijke klanken waar…",https://www.uitinvlaanderen.be/agenda/e/a-midwinter-ceremony/c01eaf90-4141-4bec-84e7-156778200e1d
Orpheus Instituut,2026-12-14,Transductive concerts,,"Drie concerten waarin lichaam, instrument en muziekpraktijk centraal staan. Van hedendaagse compositie en solo-experiment tot improvisatie en lezing + performance: de reeks onderzoekt hoe uitvoerders en instrumenten muzikale ideeën vormgeven, transformeren en opnieuw uitvinden. 1. Inner/Outer…",https://www.uitinvlaanderen.be/agenda/e/transductive-concerts/679e5629-76e6-4601-8731-6db5832c2d4a
Missy Sippy,2026-09-29,PICKING COMBO feat. ZULEMA HECHAVARRIA BLANCO,,CUMBIA • SON • BOLERO • GUARACHA • MERENGUE • BRAZILIAN & CAPE VERDEAN SOUL,https://www.eventbrite.be/e/picking-combo-feat-zulema-hechavarria-blanco-missy-sippy-tickets-2002064405531
Missy Sippy,2026-09-30,MISSY SIPPY ALL STARS JAM,,BLUES JAM • ELECTRIC & ACOUSTIC,https://www.eventbrite.be/e/missy-sippy-all-stars-jam-tickets-2002116829332
VIERNULVIER,2026-10-29,Circuit Des Yeux feat. Alan Sparhawk x ‘Nosferatu',,Voor Videodroom wordt de absolute grondlegger van de horrorcinema en een iconische klassieker uit het expressionistische stomme film-tijdperk naar een onwerelds niveau getild.,https://www.viernulvier.gent/nl/agenda/circuit-des-yeux-feat-alan-sparhawk-x-nosferatu-14hf
VIERNULVIER,2026-11-04,RUISKAMER: Yasuaki Shimizu / Catharina Evens,,"Twee avontuurlijke muzikale werelden komen samen tijdens deze RUISKAMER. De Japanse saxofonist Yasuaki Shimizu, levende legende en cultfiguur achter de albums ‘Kakashi’ en ‘Utakata No Hibi’, deelt de …",https://www.viernulvier.gent/nl/agenda/ruiskamer-yasuaki-shimizu-catharina-evens-45bz
VIERNULVIER,2026-11-07,Rise And Fall,hardcore,"Rise And Fall keert voor het eerst sinds 2012 terug naar het podium. Op 7 november spelen ze in hun thuisstad Gent in het iconische De Vooruit, ter gelegenheid van het 20-jarig bestaan van Into Oblivi…",https://www.viernulvier.gent/nl/agenda/rise-and-fall-5jtj
Muziekcentrum Kinky Star,2026-09-25,JonGeduld x Spoetnik,,Samen met onze Kortrijkse vrienden van het Wilde Westen brengen we JonGeduld en Spoetnik samen voor twee avonden vol frisse sounds en straffe songs. De artieste,https://www.kinkystar.com/nl/events/2026-09-25-jongeduld-x-spoetnik
Muziekcentrum Kinky Star,2026-10-03,KINKY NOISE: Organes en Soldes (FR) + Onrust (BE) [+DR.GREEN],,Organes En SoldesTrans Noise Fetishist[Bandcamp]https://organesensoldes.bandcamp.com/album/dysmorphia-ep)Onrust&#39;Tantric techno for the restless&#39; (rhythm,https://www.kinkystar.com/nl/events/2026-10-03-kinky-noise-organes-en-soldes-fr-onrust-be-drgreen
Muziekcentrum Kinky Star,2026-10-07,IJZERsterK: Makimura (BE) + Baby Helio (BE),,"MakimuraMakimura is een band uit Gent, gepassioneerd door muziek en krachtig samenspel. Wat begon als een uitlaatklep voor de emoties van frontman Pieter Angel",https://www.kinkystar.com/nl/events/2026-10-07-ijzersterk-makimura-be-baby-helio-be
Muziekcentrum Kinky Star,2026-10-08,Kinky Kapot: JUNKYARDPOOL (BE) [Release] + De Defecte Gasten (BE)  + Abelaer (BE),,"Junkyardpool - 22:30JUNKYARDPOOL is een jonge punkrockgroep ontstaan rond Gent in maart 2024. Met hun deelname aan De Nieuwe Lichting 2025, een radiowedstrijd i",https://www.kinkystar.com/nl/events/2026-10-08-kinky-kapot-junkyardpool-be-release-de-defecte-gasten-be-abelaer-be
Muziekcentrum Kinky Star,2026-10-16,Kinky Kapot: My Lennis (BE) + Dammit (BE),,"My LennisMy Lennis jaagt vanuit Stekene een frisse wind door de Wase punkscene met snelle gitaren, punchy drums en refreinen die zich zonder pardon in je hoofd",https://www.kinkystar.com/nl/events/2026-10-16-kinky-kapot-my-lennis-be-dammit-be
Muziekcentrum Kinky Star,2026-10-28,KINKY KAPOT: Sicko (BE) [Release] + Force (BE) + Misled (BE) + State Enemy (BE),,Sickohardcore for the unwellBandcampForceInstagramMisledLinksState EnemyListed members&#39; first show.,https://www.kinkystar.com/nl/events/2026-10-28-kinky-kapot-sicko-be-release-force-be-misled-be-state-enemy-be
Missy Sippy,2026-10-19,BOOGIE BEASTS,blues,Eén van België’s allerbeste en rauwst rockende bluesbands viert feest.,https://www.eventbrite.be/e/boogie-beasts-100-years-rl-burnside-clubshow-missy-sippy-tickets-2000463328667
VIERNULVIER,2026-11-10,Health,noise rock,"Een viscerale nacht van industriële loutering en maximalistische 'sad bangers', waarin de verpletterende noise van HEALTH en de ijzige death-pop van VOWWS versmelten tot een ritueel voor de eindtijd.",https://www.viernulvier.gent/nl/agenda/health-czy2
VIERNULVIER,2026-11-12,Stef Bos,Nederlandstalig,Stef Bos speelt zoals de afgelopen jaren  Twee maanden solo in het najaar In België en Nederland Een reis door zijn repertoire Gekozen door het publiek e verzoek nummers kunnen via de website worden a…,https://www.viernulvier.gent/nl/agenda/stef-bos-dsf6
Charlatan,2026-12-10,Hollywood Bowl,classic rock,You Know That It Would Be Untrue,https://www.charlatan.be/agenda/hollywood-bowl-dzw9
Ringo Music Bar,2026-10-01,Tidal Ray,,"Tidal Ray is een genre-overstijgende band die glinsterende gitaarmelodieën, funky baslijnen en breakbeats samenbrengt in een eigenzinnige en moeilijk te labelen sound.
Ze bewegen moeiteloos tussen indie, funk, alternative en elektronica, zonder zich veel aan te trekken van de grenzen ertussen. Ook…",https://ringogent.be/agenda/tidal-ray
Ringo Music Bar,2026-10-29,Showcase: Isaac Roux - 'Lost & Found' ism Music Mania x Ringo Music Bar,,"Moshen op Isaac Roux? Het zou zomaar kunnen. Twee jaar na het debuutalbum waarmee hij zich definitief op de kaart zette, slaat Louis De Roo met zijn tweede plaat een volledig nieuw hoofdstuk open.
Waar hij op Troubled Waters nog koos voor intieme indie folk en zijn persoonlijke ziel blootlegde,…",https://ringogent.be/agenda/showcase-isaac-roux---lost-found-ism-music-mania-x-ringo-music-bar
Ringo Music Bar,2026-11-04,My Lennis,,"Vanuit Stekene jaagt My Lennis een frisse wind door de Wase punkscene met snelle gitaren, punchy drums en refreinen die zich zonder pardon in je hoofd nestelen.
Hun moderne poppunk draagt de nineties stevig in het hart: melodieus, energiek en bij momenten heerlijk Weezer-achtig. Na passages in…",https://ringogent.be/agenda/my-lennis
Ringo Music Bar,2026-11-18,Nerine,,"Pas op: de Nerine-tornado raast door het land. Hang de tuinstoelen vast en zet uw bomma binnen.
Strakke riffs, vuile vocals, gigantische baslijnen en een drummer die lijkt te draaien op een eindeloze voorraad Duracell. Nerine klinkt als pure chaos, maar vergis je niet: deze mannen verliezen nooit…",https://ringogent.be/agenda/nerine
MIRY concertzaal,2026-09-30,"Korneel Bernolet, Nicolas Kummert — Rameau",,Will to Wander-concerten brengen een klassieke solist of een duo — specifiek geprogrammeerd door MIRY — samen met een tweede maker die een artistiek antwoord formuleert op hetzelfde stuk. Korneel Bernolet is internationaal één van de meest gevraagde klavecinisten. Met passages in o.m. het Teatro…,https://www.uitinvlaanderen.be/agenda/e/korneel-bernolet-nicolas-kummert-rameau/04372360-aff8-4e12-93bf-bfd92fb93383
kunstencentrum CJK - Kasteel Claeys-Bouüaert,2026-10-03,recital Katrijn Friant (piano)   Axel Bral (viool),,"Een recital voor viool en piano met muziek geschreven in Parijs of geïnspireerd door de Franse elegantie. Op het programma werk van Claude Debussy, Pauline Viardot, Wolfgang Amadeus Mozart. Daarnaast de eerste uitvoering van enkele werken van jonge componisten van hier: Timon De Nood, Siewald…",https://www.uitinvlaanderen.be/agenda/e/recital-katrijn-friant-piano-axel-bral-viool/4450e966-3b0a-42dc-aba4-fc9e6b0ecc01
Sint-antoniusabtkerk,2026-10-04,Koné intiem: handpan concert Benelux tour,,"Koné is een Belgische muzikant die internationale bekendheid geniet als handpanspeler en vaak optreedt in het buitenland. Momenteel is hij in België en Nederland voor een reeks workshops en concerten. De slotdag van die toernee vindt plaats in Gent, op zondag 4 oktober, met eerst een workshop voor…",https://www.uitinvlaanderen.be/agenda/e/kon-intiem-handpan-concert-benelux-tour/22d0cb29-b635-4e3b-ac62-136c2c48656a
Design Museum Gent,2026-10-08,Tsar B × Sharon Van Overmeiren,rnb,"Wat gebeurt er wanneer beeldende kunst en intense soundscapes versmelten? Muisikant en producer Tsar B vertaalt de sculpturale taal van kunstenares Sharon Van Overmeiren naar een meeslepende auditieve ervaring. De viool werkt daarbij als een verlengstuk van gebeeldhouwde lichamen, terwijl snijdende…",https://www.uitinvlaanderen.be/agenda/e/tsar-b-sharon-van-overmeiren/2716461c-27af-427a-8a30-65b83c9b8b2a
Muzikantenhuis vzw,2026-10-08,The Weary Kind,,"The Weary Kind is het project van Céline Van Damme en Tom De Poorter . De muziek van dit Gents-Meetjeslands muzikantenkoppel laveert tussen Americana, folk en catchy pop-met-een-randje , gekenmerkt door betoverende harmonieën en verhalende teksten. Op het podium creëren ze een verrassend volle…",https://www.uitinvlaanderen.be/agenda/e/the-weary-kind/240e0c28-4687-483b-8fda-64de29d8a557
MIRY concertzaal,2026-10-09,"Duo Z E I T S P I E L (Nicolas Callot & Bart Rodyns) — Mendelssohn, Bach",,"Al meer dan twintig jaar zijn toetsenisten Nicolas Callot en Bart Rodyns vrienden en delen ze een liefde voor historische toetsinstrumenten. Als Duo Zeitspiel kiezen ze in hun nieuwste project rond de muziek van Felix Mendelssohn opnieuw voor de ongewone combinatie van piano en harmonium, na een…",https://www.uitinvlaanderen.be/agenda/e/duo-z-e-i-t-s-p-i-e-l-nicolas-callot-bart-rodyns-mendelssohn-bach/56928a31-371c-4cc8-ac06-cf29813fbe95
MIRY concertzaal,2026-10-15,"TrioFenix — Bach, Goldbergvariaties (arr. Sitkovetsky)",,"Wanneer vrienden het podium delen ontstaat er gegarandeerd vuurwerk. Dat bewijzen Shirly Laub (viool), Tony Nys (altviool) en Karel Steylaerts (cello), drie kleppers uit de Belgische klassieke muziekwereld. Samen heten ze TrioFenix en laten ze met een vanzelfsprekendheid, die eigen is aan oude…",https://www.uitinvlaanderen.be/agenda/e/triofenix-bach-goldbergvariaties-arr-sitkovetsky/db8577f6-6dff-49c1-ac9b-ff5394c81042
Muzikantenhuis vzw,2026-10-15,Koen Boeijinga,netherlands,"Biografie (NL) Koen Boeijinga reist met een kudde instrumenten. Als moderne nomade trekt hij door muzikale graslanden, gedreven door de archaïsche verwantschap tussen mens, dier en landschap. Fluiten, saxofoon, doedelzak, drum, harmonium, gamelan en verschillende klanken uit zijn wereldwijde…",https://www.uitinvlaanderen.be/agenda/e/koen-boeijinga/af7e9fae-3a70-42f9-aba3-c5e9103f5f47
Muzikantenhuis vzw,2026-10-17,Griekse & Oost-  Mediterrane Tradities,,"Griekse & Oost-Mediterrane Tradities Achter elke traditionele melodie schuilt een echt verhaal—een dorpsfeest, een reis over zee, of een gedeelde geschiedenis die door generaties heen is doorgegeven. Sluit je aan bij Apostolos Maris (kanonaki, ney, zang), Dimitris Rossidis (gitaar, zang), en…",https://www.uitinvlaanderen.be/agenda/e/griekse-oost-mediterrane-tradities/515a503f-fe72-43fb-841b-9eab12cb54e4
MIRY concertzaal,2026-10-20,Susato Trio & Patrick Jüdt — Mozart,,"Het jonge Susato Trio bundelt de krachten met hun mentor en ervaren rot in het vak, altviolist Patrick Jüdt. Hij is professor altviool, kamermuziek en hedendaagse muziek aan de Bern University of the Arts en één van de artistiek leiders bij ECMA (European Chamber Music Academy). In het kader van…",https://www.uitinvlaanderen.be/agenda/e/susato-trio-patrick-ju-dt-mozart/11e0831a-50a9-4349-8b86-f778f195ac2b
Muzikantenhuis vzw,2026-10-23,Brookside Barn,,"Een bluegrass/oldtime/americana band uit Brabant zal in het Muzikantenhuis hun nieuwe materiaal ten gehore brengen. Edwin Daemen : accordeon en zang Sander van der Schaaf : mandoline en zang Bridget van Zundert : gitaar, banjo en zang Wouter van Aaken ; contrabas Wieke Burmeister : viool",https://www.uitinvlaanderen.be/agenda/e/brookside-barn/2c6a0859-5462-44dd-97d6-af35395ea921
Hartentroef,2026-10-25,Lof der Zotheid,,"Maarten Van Ingelgem is 25 jaar dirigent bij De 2de Adem en dat vieren we! Op 25 oktober brengen we een selectie uit zijn stevigste wedstrijdstukken voor hedendaagse koormuziek en cello, samen met Nina Vanhoenacker.",https://www.uitinvlaanderen.be/agenda/e/lof-der-zotheid/6142abf7-83d9-400c-92e3-ae4e25bb02bd
MIRY concertzaal,2026-10-26,"Karski Quartet — Haydn, Bacewicz, Poolse folk",,"Drie krachtige akkoorden, gevolgd door een kort kennismakingsrondje: zo begint het eerste strijkkwartet van Haydns opus 76. Het Karski Quartet koppelt dit referentiewerk aan het minder bekende vierde strijkkwartet van de Poolse Bacewicz, een twintigste-eeuwse componiste en violiste, die met haar…",https://www.uitinvlaanderen.be/agenda/e/karski-quartet-haydn-bacewicz-poolse-folk/ff5cccb3-05b5-4e7c-b06a-e63e2b0b01ed
MIRY concertzaal,2026-10-28,"An-Sofie Perneel & Jef Kolacny, Rodrigo Evangelista — Béla Bartók",,Will to Wander-concerten brengen een klassieke solist of een duo — specifiek geprogrammeerd door MIRY — samen met een tweede maker die een artistiek antwoord formuleert op hetzelfde stuk. An-Sofie Perneel is een talentvolle jonge violiste die zich in de kijker speelt als soliste en concertmeester…,https://www.uitinvlaanderen.be/agenda/e/an-sofie-perneel-jef-kolacny-rodrigo-evangelista-b-la-bart-k/8d773333-c046-4be0-a484-9af56ac067b9
MIRY concertzaal,2026-10-29,Hannes Minnaar — Shostakovich,,"De Nederlandse krant NRC noemt het pianospel van Hannes Minnaar ‘vrij van bluf en branie’, logisch dus dat hij overal lof oogst. Zijn derde prijs op de Koningin Elisabeth Wedstrijd van 2010 betekende de start van zijn internationale carrière. Sindsdien soleerde hij met orkesten wereldwijd en werkte…",https://www.uitinvlaanderen.be/agenda/e/hannes-minnaar-shostakovich/f23c2928-e0bc-4440-a9bd-12bb0f1415b2
Muzikantenhuis vzw,2026-10-29,Bao Sissoko  &  Simon Leleux,,"De Mandinka-griot Bao Sissoko , gevestigd in België, staat bekend om zijn verfijnde en virtuoze spel op de kora. Tijdens zijn lange carrière trad hij op met gerenommeerde artiesten als Baaba Maal, Abou Thiam, Mamy Kanouté, Zap Mama, Vaya Con Dios en Damon Albarn. Hij werkte onder meer samen met…",https://www.uitinvlaanderen.be/agenda/e/bao-sissoko-simon-leleux/19b9a495-5230-4d62-b4b4-e918b718be59
MIRY concertzaal,2026-10-30,"Koperensemble conservatoria Gent, Brussel, Antwerpen — Walton, Dobson, Gregson, Mussorgsky",,"Studenten uit de conservatoria van Gent, Brussel en Antwerpen halen hun koperblazers boven o.l.v. Luc Vertommen. Ze brengen samen een programma met composities van Walton, Dobson, Gregson en Mussorgsky. Vertommen is dirigent, pedagoog en een gepassioneerd kenner van de blaasmuziek, met een sterke…",https://www.uitinvlaanderen.be/agenda/e/koperensemble-conservatoria-gent-brussel-antwerpen-walton-dobson-gregson-mussorgsky/f85cf01d-f8f1-4bf4-8f00-17ac3bd382c0
Ekkergem,2026-11-14,Jazz'Ekk 2026 - huiskamerconcerten,,"Ruth & Etienne, Stef & Véronique, Stefan, Anne & Tamara, Sibilla en Geert & Natalie stellen op Jazz'Ekk hun woonkamers (in Ekkergem) open voor veelbelovende (jazz- en andere) bands. Je hebt de keuze uit 2 circuits. Elk circuit telt 3 huiskamers die je achtereenvolgens bezoekt en waar je telkens…",https://www.uitinvlaanderen.be/agenda/e/jazz-ekk-2026-huiskamerconcerten/09ff1e42-0aa8-42ed-a59e-35bcc3f6f6c6
MIRY concertzaal,2026-11-16,PARADIJSVOGELS | ARS MUSICA,,"Ooit dacht men dat paradijsvogels nooit de grond raakten. Sopraan en viool brengen zwevende composities van Kristine Tjøgersen, Helge Sten en een creatie van Bergrún Snæbjörnsdóttir. Rode paradijsvogel, zwarte sikkelsnavel, krulkuifmanucode, knorrende paradijsvogel, kleine paradijsvogel,…",https://www.uitinvlaanderen.be/agenda/e/paradijsvogels-ars-musica/363ccb43-508f-439a-8b53-cd4fad312a5a
Sint-Coletakerk,2026-11-26,Mujeres de la Tierra: Songs and Dances from Spain and Argentina,,"Donderdag 26 nov' 26: Mujeres de la Tierra: Songs and Dances from Spain and Argentina met Anna Pardo Canedo & Andrew Wise. Tickets via: https://fienta.com/nl/mujeres-de-la-tierra?1742af1c7c12789832a8c778c1729564 ""Mujeres de la Tierra"" Over verloren liefde, herinneringen en de kracht om opnieuw te…",https://www.uitinvlaanderen.be/agenda/e/mujeres-de-la-tierra-songs-and-dances-from-spain-and-argentina/b1637833-beed-4615-a84e-0aac5bc49170
Cinema Sphinx,2026-11-29,Opera On Screen: Carmen,,"De aangrijpende voorstelling van Damiano Michieletto is terug en werpt fel licht op de lust, het geweld en de destructieve begeerte in Bizets eeuwig populaire opera. In de verzengende hitte van de Spaanse zon weet de uiterst onafhankelijke Carmen de aandacht van Don José te trekken. Hoewel ze hem…",https://www.uitinvlaanderen.be/agenda/e/opera-on-screen-carmen/e3c15471-e67e-444d-ab92-1dc7b9a4eba7
Christus Koningkerk,2026-12-04,Concert Christus Koningkerk Gents Universitair Symfonisch Orkest (GUSO),,De najaarsconcerten van het Gents Universitair Symfonisch Orkest (GUSO) komen eraan! Een zestigtal gedreven studenten en muzikanten werkt dit semester toe naar twee prachtige concertavonden in Gent. Onder leiding van dirigent Steven Decraene brengt het orkest een gevarieerd programma met drie…,https://www.uitinvlaanderen.be/agenda/e/concert-christus-koningkerk-gents-universitair-symfonisch-orkest-guso/0908d2f6-05ff-4492-9447-a159386c5e8b
Christus Koningkerk,2026-12-08,Concert De Bijloke Gents Universitair Symfonisch Orkest (GUSO),,De najaarsconcerten van het Gents Universitair Symfonisch Orkest (GUSO) komen eraan! Een zestigtal gedreven studenten en muzikanten werkt dit semester toe naar twee prachtige concertavonden in Gent. Onder leiding van dirigent Steven Decraene brengt het orkest een gevarieerd programma met drie…,https://www.uitinvlaanderen.be/agenda/e/concert-de-bijloke-gents-universitair-symfonisch-orkest-guso/9149b97c-5d4e-440e-96e0-b2cdaaad520e
Muziekcentrum De Bijloke Gent,2026-12-09,Dirk Brossé x Prima La Musica in concert met Jong Talent,Soundtrack,"Prima La Musica en Dirk Brossé zochten en vonden voor een vijfde maal Jong Talent. Emma Wills, Chloé Bakeroot en Sarah De Meester betoveren samen met Dirk Brossé op dit concert het publiek met de allermooiste klassieke muziek. Prima La Musica, het kamerorkest o.l.v. componist-dirigent Dirk Brossé,…",https://www.uitinvlaanderen.be/agenda/e/dirk-bross-x-prima-la-musica-in-concert-met-jong-talent/af38c7db-c632-42e1-9f1d-2103bb215e60
Sint Pauluskerk,2026-12-13,Najaarsconcert | Bach - 3 Adventscantates,,"Op deze derde zondag van de advent brengen we u drie schitterende adventscantates van Johann Sebastian Bach. Het wordt een moment van verstilling en een mooie brug naar een zalige kerstperiode... Op het programma:: BWV 36 – Schwingt freudig euch empor BWV 62 – Nun komm, der Heiden Heiland BWV 147 –…",https://www.uitinvlaanderen.be/agenda/e/najaarsconcert-bach-3-adventscantates/991a00e8-a13e-48e6-b47e-2900a18ea10a
Theater Box,2026-12-20,A Cozy Christmas - Feel good theaterconcert,,"A Cozy Christmas Een kerstconcert vol warmte, glitter, muziek én humor. E igen songs, klassiekers met een twist, poëzie en theater. Een driemansformatie die publiek raakt én verrast. Beleef 'A Cozy Christmas': een sfeervolle en verrassende kerstshow met zangeres en liedjesschrijfster Brenda Bee en…",https://www.uitinvlaanderen.be/agenda/e/a-cozy-christmas-feel-good-theaterconcert/ff5dbb04-db50-41a0-8f5d-a81f705a7aca
Nieuwe Melac,2026-12-26,Kerstshow,,"Biezebaaze brengt warme én humoristische kerstshow in Gent De Gentse band Biezebaaze , bekend voor hun unieke mix van herkenbare humor, sfeervolle liedjes en pure volkse gezelligheid, brengt deze decembermaand nog een nieuwe kerstshow. Het wordt een warme, muzikale show vol ambiance — ideaal voor…",https://www.uitinvlaanderen.be/agenda/e/kerstshow/ae8a2fbe-02c8-451f-9bf6-9b6daf0b3e54
Grand Salon CRAL,2026-12-27,Lichtconcert  ALFAMA Strijkkwartet,,"ALFAMA Strijkkwartet Sarah Baeyens, viool Caroline Denys, viool Xavier Timmermans, altviool Renaat Ackaert, cello Joseph Haydn en Maurice Ravel",https://www.uitinvlaanderen.be/agenda/e/lichtconcert-alfama-strijkkwartet/6cb575ee-ab8c-482e-892b-014a09194c9c
Muziekcentrum Kinky Star,2026-10-10,Luminous Fest: ASKWHY (BE) + APOTH (BE),,"ASKWHY&#34;ASKWHY is een Belgische poppunkband die de energie van de 2000’s terugbrengt in een modern jasje. Geïnspireerd door acts als Mayday Parade, Neck Deep",https://www.kinkystar.com/nl/events/2026-10-10-luminous-fest-askwhy-be-apoth-be
Muziekcentrum Kinky Star,2026-11-06,Luminous Fest: ??,,TBA,https://www.kinkystar.com/nl/events/2026-11-06-luminous-fest-
Muziekcentrum Kinky Star,2026-11-07,Dark Entries: Darkvolt (BE) + The Ordure (BE),,"DarkvoltElectro-industrial project from Belgium 🇧🇪 fusing oldschool EBM and 90’s industrial.Darkvolt colors outside the lines and dares to be different, do you",https://www.kinkystar.com/nl/events/2026-11-07-dark-entries-darkvolt-be-the-ordure-be
Muziekcentrum Kinky Star,2026-11-11,NNC: Sotabosc (ES) + Juneau (BE),catalan,No Name Collective and Muziekcentrum Kinky Star proudly present:SOTABOSC (E):Anti-fascist black metal outfit hailing from Catalonia. Their long and diverse musi,https://www.kinkystar.com/nl/events/2026-11-11-nnc-sotabosc-es-juneau-be
Muziekcentrum Kinky Star,2026-11-18,IN DIE STER: Mugger Hugger (BE) + Rudy Trouvé (BE),,"Mugger HuggerPost-post-post punk van de bovenste plank. Mugger Hugger, een frontale botsing tussen PJ Harvey en Sonic Youth, vond zijn roots in Antwerpen. Zange",https://www.kinkystar.com/nl/events/2026-11-18-in-die-ster-mugger-hugger-be-rudy-trouv-be
Muziekcentrum Kinky Star,2026-11-28,KINKY KAPOT: Ulrikes Dream (BE) + End Of Ernie (BE),,"Ulrikes DreamAl sinds 1997 staat Ulrikes Dream gekend voor een mengeling van crust, grind, punk en metal met sociaal geëngageerde songteksten. De band heeft haa",https://www.kinkystar.com/nl/events/2026-11-28-kinky-kapot-ulrikes-dream-be-end-of-ernie-be
Muziekcentrum Kinky Star,2026-12-04,GARAGESTER: Big Muffin (BE) + Futuro Pelo (FR/BE) + Cemented Minds (FR),,"Big MuffinIn een muziekscene die vaak gevuld is met ernst, probeert garage/post-punk band Big Muffin&#39; zich te onderscheiden als een frisse wind. Hun focus g",https://www.kinkystar.com/nl/events/2026-12-04-garagester-big-muffin-be-futuro-pelo-frbe-cemented-minds-fr
Sint-Jacobskerk,2026-10-08,Concert Mannenkoor Crescendo,,"Internationaal bezoek in de Sint-Jacobskerk: het mannenkoor Crescendo uit Urk (NL). Zij brengen een boeiend programma van klassiek tot religieus, met medewerking van solisten en orgel, en dat helemaal gratis.",https://www.uitinvlaanderen.be/agenda/e/concert-mannenkoor-crescendo/8ae45e61-8ce6-49c6-8086-8b2599208a7f
Café Damberd,2026-10-01,CONCERTS OKTOBER,,Come and enjoy live music!,https://www.uitinvlaanderen.be/agenda/e/concerts-oktober/f3bbebb4-6380-43ba-8a2e-14e7d4e0fad3
parochiehuis Sint-Paulus,2026-11-20,Katrien Verfaillie Suspension du temps,,Aanvang 20u Deuren open om 19u Voorverkoop €18 Aan de kassa €20 Uit-pas met kansentarief €4,https://www.uitinvlaanderen.be/agenda/e/katrien-verfaillie-suspension-du-temps/cfa5f171-41b1-45b5-925f-decb7b2dc654
Trefpunt - Concertzaal,2026-10-03,Tango initiatie,,Volg een tango initiatie met Eva Icikson.,https://trefpuntfestival.be/programma/tango-initiatie
Trefpunt - Concertzaal,2026-10-10,DHKD // Makas Grubu + DJ Zet,,"De naam MAKAS is Turks voor schaar. Het is een beeld dat hoop, vrijheid en moed uitbeeldt.",https://trefpuntfestival.be/programma/dhkd-makas
Trefpunt - Concertzaal,2026-10-13,Jazz Café,,"Elke tweede dinsdag van de maand gooien we de stoelen aan de kant, smeren we de dansbenen en laten we onze concertzaal swingen alsof het niks is.",https://trefpuntfestival.be/programma/tapdans-jazz-café-2
Trefpunt - Café,2026-10-14,Hatched! // Amin Azizi,,"Amin is een Iraanse muzikant die je zal betoveren met zijn prachtige stem en muziek. Of Amin alleen komt of andere muzikanten meebrengt, laten we nog in…",https://trefpuntfestival.be/programma/hatched-amin-azizi
Trefpunt - Concertzaal,2026-10-16,Baila El Mambo,,Uw plannen voor vrijdag? Baila el Mambo!,https://trefpuntfestival.be/programma/baila-el-mambo
Trefpunt - Café,2026-10-19,Maandagconcert // 3'Ain,,"3'Ain is een trio waarin Yamen Martini (trompet), Otto Kint (contrabas) en Piet Maris (accordeon) de krachten bundelen: ze spelen worldwide jazz met…",https://trefpuntfestival.be/programma/maandagconcert-3ain
Trefpunt - Concertzaal,2026-10-21,Mind Rays & Teen Creeps,,Sinds 2013 maakt Mind Rays uit Gent furieuze garagepunk. Vooraf brengen Belgische indierockers Teen Creeps een stevige dosis ’90s invloeden naar Trefpunt.,https://trefpuntfestival.be/programma/mind-rays-teen-creeps
Trefpunt - Concertzaal,2026-10-22,JERIKO,heavy metal,Muziek voor zij die hun existentiële bekommernissen graag bezingen.,https://trefpuntfestival.be/programma/jeriko-release-show
Trefpunt - Concertzaal,2026-10-24,Bazaar Eklektik,,"Twee live acts, twee dj-sets en nul redenen om vroeg naar huis te gaan. Tweeden Asem, The Big Shebang en Trefpunt gooien gewoon wat oeroude ritmes,…",https://trefpuntfestival.be/programma/bazaar-eklektik
Trefpunt - Concertzaal,2026-10-30,THE FINAL CHAPTER: Wanheda & Celestial Wolves & Support,,"Leuvense post-rockformatie Wanheda hangt na tien jaar de gitaren aan de haak, maar niet zonder een laatste zinderende avond in Trefpunt! Special guest: de…",https://trefpuntfestival.be/programma/the-final-chapter-wanheda-celestial-wolves-support
Trefpunt - Concertzaal,2026-10-31,Bokkenrijders 'Crush Kill Destroy' Album Release,russian,Op de laatste dag van oktober wordt bij ons het eerste full-length album CRUSH KILL DESTROY van Bokkerijders voorgesteld.,https://trefpuntfestival.be/programma/bokkenrijders-crush-kill-destroy-album-release
Trefpunt - Café,2026-11-02,Maandagconcert // Fyndus,,"Welkom in de wondere wereld van Fyndus, een nieuw muzikaal folkduo met Emma Coopman (zang, Keltische harp & diatonische accordeon) & Thomas Hoste…",https://trefpuntfestival.be/programma/maandagconcert-fyndus
Trefpunt - Concertzaal,2026-11-07,Atraxie (FR) & Columbarium & Onrust,,"No Name Collective nodigt Franse deathdoom legendes Ataraxie uit voor een avond vol slepende riffs, hamerende drums en gegrom uit het graf. Lokale helden…",https://trefpuntfestival.be/programma/atraxie-fr-columbarium-onrust
Trefpunt - Café,2026-11-09,Maandagconcert // Big Muffin',,Afgelopen zomer nog maar net winnaar van Jonge Wolven geworden en nu al weer te zien in ons café!,https://trefpuntfestival.be/programma/maandagconcert-big-muffin
Trefpunt - Concertzaal,2026-11-10,Jazz Café,,"Elke tweede dinsdag van de maand gooien we de stoelen aan de kant, smeren we de dansbenen en laten we onze concertzaal swingen alsof het niks is.",https://trefpuntfestival.be/programma/jazz-café
Trefpunt - Concertzaal,2026-11-12,Salon // Los Niños de la Guerra,,Lezing door Manuel Mugica Gonzalez. Precies negentig jaar geleden brak er een burgeroorlog uit in Spanje. Tussen 1936 en 1939  werden 32.000 kinderen…,https://trefpuntfestival.be/programma/salon-los-niños-de-la-guerra
Trefpunt - Café,2026-11-23,Maandagconcert // Spookyman & His Acousmatic Orchestra (IT),,"SPOOKYMAN, het pseudoniem van Giulio Allegretti, is een Italiaanse singer-songwriter, componist, multi-instrumentalist en geluidskunstenaar uit Rome.",https://trefpuntfestival.be/programma/maandagconcert-spookyman-it
Trefpunt - Concertzaal,2026-11-27,Cluster,krautrock,CLUSTER festival viert jongeren in het nachtleven! Tijdens één nacht in Gent en één nacht in Hasselt krijgen jonge collectieven de sleutel van de stad.…,https://trefpuntfestival.be/programma/cluster
Trefpunt - Café,2026-11-30,Maandagconcert // Yesnomaybe,,"Winnaar van De Nieuwe Lichting, vier man sterk en met genoeg goesting om van ons café een zweterige jarennegentigrocktempel te maken. Verwacht gitaren,…",https://trefpuntfestival.be/programma/maandagconcert-yesnomaybe
Trefpunt - Concertzaal,2026-12-03,Big Next // Aghogho,,"Aghogho verweeft soul, funk en afrobeat tot een sound die doet denken aan Nilüfer Yanya en Lianne La Havas, maar onmiskenbaar haar eigen is.",https://trefpuntfestival.be/programma/big-next-aghogho
Trefpunt - Café,2026-12-07,Maandagconcert // ZLDR,,"Maak kennis met de gebroeders Thomas & Julien Jacquemain en hun producer Lennert Declercq. Met krullend kapsel, een uniek, persoonlijk verhaal en sterke…",https://trefpuntfestival.be/programma/maandagconcert-zldr
Trefpunt - Concertzaal,2026-12-08,Jazz Café,,"Elke tweede dinsdag van de maand gooien we de stoelen aan de kant, smeren we de dansbenen en laten we onze concertzaal swingen alsof het niks is.",https://trefpuntfestival.be/programma/jazz-café-2
Trefpunt - Café,2026-12-14,Maandagconcert // Pink on Red,,"Pink on Red blaast stevige, no-nonsense bluesrock door de speakers: rauw, indringend en recht uit het hart.",https://trefpuntfestival.be/programma/maandagconcert-pink-on-red
Trefpunt - Café,2026-12-21,Maandagconcert // Safran,,"Safran maakt spicy soulpop gemarineerd in verlangen. De band staat bekend om haar dansbare grooves, pikante melodieën en een vleugje Frans.",https://trefpuntfestival.be/programma/maandagconcert-safran
Muziekcentrum Kinky Star,2026-11-06,Luminous Fest: Saumon Sauvage (BE) + People Who Died (BE),,"Saumon SauvageWat omega 3, wat zeezout en dingen waar je van houdt. De juiste ingrediënten voor het creëren van perfecte kweekzalm. Maar professor Basbaars voeg",https://www.kinkystar.com/nl/events/2026-11-06-luminous-fest-saumon-sauvage-be-people-who-died-be
