Venue,Date,Band,Genre,Event Description,Ticket/Event Link
Cactus Muziekcentrum,2026-09-03,HoT Stuff #3: Abel Ghekiere,,"Abel Ghekiere is een Belgische multi-instrumentalist met een sound die voortkomt uit minimalistische jazz, traditionele folk en field recordings.Op zijn debuutalbum, Voor het verdwijnt, en daarna (2021), klonken de sporen van verdriet en verlies, met als resultaat een plaat die meewiegt en…",https://www.cactusmusic.be/NL/Concerten/Kalender/abel-ghekiere
Cactus Muziekcentrum,2026-09-18,Humo's Rock Rally 2026 - Voorronde West-Vlaanderen,,"Op 18 september bestijgt de het talent van morgen het podium van Cactus Club tijdens de West-Vlaamse voorronde van Humo's Rock Rally. Aanschouw wie in de voetsporen van eerdere winnaars Maria Iskariot, Meskerem Mees, Whispering Sons, Compact Disk Dummies, Black Box Revelation, dEUS, Balthazar en...",https://www.cactusmusic.be/NL/Concerten/Kalender/humos-rock-rally-2026-voorronde-wv
Cactus Muziekcentrum,2026-09-22,John Carroll Kirby,ambient,"Wanneer grote pop-, r&b- en indiesterren op zoek zijn naar een extra sparkle, ligt één visitekaartje boven op de stapel: dat van de Amerikaanse componist en collaborator John Carroll Kirby. Zijn keyboardwerk, productie en/of arrangementen vind je terug op de albums van o.a. Norah...",https://www.cactusmusic.be/NL/Concerten/Kalender/john-carroll-kirby
Cactus Muziekcentrum,2026-09-23,Cory Hanson + Cole Berliner,USA,"De uit Zuid-Californië afkomstige Cory Hanson leende zijn diensten aan bands en artiesten als Together PANGEA, Meatbodies en Mikal Cronin voor hij landde met het freaky psychedelica outfit Wand. Naast zijn main band en muzikale uitstapjes met geestesgenoot Ty Segall brengt hij sinds 2016...",https://www.cactusmusic.be/NL/Concerten/Kalender/cory-hanson-23-09
Cactus Muziekcentrum,2026-09-24,Fischer-Z,new wave,"In 2026 bestaat de iconische Britse band Fischer-Z exact 50 jaar, en dat wordt gevierd met een bijzondere jubileumtournee door Europa en de rest van de wereld. De legendarische band rond John Watts, die z’n naam te danken heeft aan een term uit de statistiek, ontstond eind jaren ’70....",https://www.cactusmusic.be/NL/Concerten/Kalender/fischer-z
Cactus Muziekcentrum,2026-09-27,Sergeant + Klein Volk,british,"Het Belgische experimentele poptrio Sergeant bracht hun nieuwe album Symbols uit op Stroom, en werd prompt opgepikt door muziekblog Pitchfork. Hun liveoptredens ontplooien zich als een broeierige koortsdroom.Klein Volk bouwt met naïve klanken en lichtvoetige melodieën speels meanderende...",https://www.cactusmusic.be/NL/Concerten/Kalender/sergeant-klein-volk
Cactus Muziekcentrum,2026-09-27,Only The Poets + Alex Spencer,pop,"Only The Poets is een van de meest vitale Britse alt-popbands van het moment. De band uit Reading bouwde zijn publiek op door keihard te werken: van de kleinste podia tot de stadions als support van artiesten als YUNGBLUD, Bastille en Lewis Capaldi. Daarbij is hun reputatie als must-see liveact…",https://www.cactusmusic.be/NL/Concerten/Kalender/only-the-poets
Cactus Muziekcentrum,2026-10-02,W.E.R.F. Records Night - Compro Oro + Helena Casella + KUNDE + re#encounter + bààn + Margitte,,"Als startschot van het AMOK-festival slaan KAAP en Cactus de handen in elkaar voor een gratis avond vol muzikaal avontuur, verspreid over Cactus Club en Cactus Café! Daarvoor selecteerde KAAP een bonte mix van artiesten van hun huislabel W.E.R.F. Records, al meer dan dertig jaar een...",https://www.cactusmusic.be/NL/Concerten/Kalender/werf-records-night
Cactus Muziekcentrum,2026-10-06,Berre,pop,Met zijn oprechte nummers en meteen herkenbare stem bouwde de Belgische singer-songwriter Berre op korte tijd een naam uit voor zichzelf. Zijn debuut 'I’ll Call You When I’m Home' schopte het in 2024 tot nummer één in de Belgische charts en leverde hem een MIA op....,https://www.cactusmusic.be/NL/Concerten/Kalender/berre
Cactus Muziekcentrum,2026-10-07,Ploegendienst,dutch,"Onder leiding van frontman Ray Fuego (SMIB) staat het Amsterdamse Ploegendienst te boek als de Best Band van Nederland. Noem het hardcore, noem het punk, noem het ‘venijnige popmuziek. Noem het wat je wilt, het maakt niet uit. Ploegendienst is even rücksichtsloos als real. Met Ray als...",https://www.cactusmusic.be/NL/Concerten/Kalender/ploegendienst
Cactus Muziekcentrum,2026-10-10,Benenwerk Indoor - Classix Edition ft. VJ Alex van Oostrom,,"Grandmaster Vj ALEX VAN OOSTROM bouwde in de voorbij jaren een stevige reputatie op als resident op de Classix Stage van Benenwerk. Met veel bravoure linkt hij telkens dansbare classics uit de meest uiteenlopende genres aan elkaar. Disco, soul, funk r&b, hiphop, pop, rock, electro.. You name...",https://www.cactusmusic.be/NL/Concerten/Kalender/benenwerk-indoor-classix
Cactus Muziekcentrum,2026-10-12,Fat White Family,Garage Rock,"Het Britse Fat White Family geniet een cultstatus én een reputatie. De band werd gevormd in een Londens kraakpand in 2011 en kent sindsdien een wisselende bezetting, met frontman Lias Saoudi als en enigste vaste lid.
Sinds hun ontstaan flirt Fat White Family doelbewust met provocatie,...",https://www.cactusmusic.be/NL/Concerten/Kalender/fat-white-family
Cactus Muziekcentrum,2026-10-13,The Lemonheads + Bat Eyes,alternative rock,"The Lemonheads go way back. De band werd opgericht in Boston in 1986 en floreerde lange tijd op het snijvlak van chaos en charme, met een wisselende bezetting rond frontman Evan Dando. Hun commerciële doorbraak kwam er in 1992 met de plaat ‘It's A Shame About Ray’ en opvolger...",https://www.cactusmusic.be/NL/Concerten/Kalender/the-lemonheads
Cactus Muziekcentrum,2026-10-14,Spain plays 'The Blue Moods of Spain',,"Vorig jaar werd 'The Blue Moods Of Spain', het betoverende debuut van nineties monument Spain, 30 jaar. Frontman en bassist Josh Haden (zoon van jazz-legende Charlie Haden) draaide op die plaat elementen uit jazz, blues, country en sixties soul binnenstebuiten en stak ze weer in elkaar tot een...",https://www.cactusmusic.be/NL/Concerten/Kalender/spain-plays-the-blue-moods-of-spain
Cactus Muziekcentrum,2026-10-15,High Hi,,"We gaan kleur bekennen: sinds hun hit ‘Daggers’ is High Hi ons favoriete Belgisch indiepop snoepje. De Antwerpse band, bestaande uit Anne-Sophie Ooghe (zang, gitaar), Dieter Beerten (zang, drums) en Koen Weverbergh (bas), weet als geen ander experiment en scherpe popgevoeligheid te...",https://www.cactusmusic.be/NL/Concerten/Kalender/high-hi
Cactus Muziekcentrum,2026-10-18,DeVotchKa + Sons of Town Hall,folk,"A celebration of the music of Little Miss Sunshine / Beirut meets Calexico
Met hun pittige mix van Westerns-instrumentals, norteño, hoekige postpunk en dansbare migrantentunes uit Oost-Europa ontpopte het uit Colorado afkomstige Devotchka zich halverwege de jaren 2000 tot verrassende...",https://www.cactusmusic.be/NL/Concerten/Kalender/devotchka-sons-of-town-hall
Cactus Muziekcentrum,2026-10-20,COIO3 (Soyuz),,"COIO3  (SOYUZ) is een creatief collectief uit Minsk, Wit-Rusland, opgericht door componist en arrangeur Alex Chumak en multi-instrumentalist Mikita Arlou. Na uit te wijken naar Warsaw kwamen ze in contact met drummer Albert Karch en gitarist Wisniewski, waarmee ze samen een viertal vormden....",https://www.cactusmusic.be/NL/Concerten/Kalender/soyuz
Cactus Muziekcentrum,2026-10-24,Teenage Fanclub,power pop,"De term ‘legendarisch’ wordt vaak gebruikt. Maar als hij op één band van toepassing is, dan wel op Teenage Fanclub. Sinds hun doorbraakalbum Bandwagonesque uit 1991 rijdt de band uit Glasgow niet alleen een feilloos parcours, ze inspireerde ook talloze pop- en...",https://www.cactusmusic.be/NL/Concerten/Kalender/teenage-fanclub
Cactus Muziekcentrum,2026-10-25,Wolves In The Throne Room + Oranssi Pazuzu + Worm + Mur + Final Dose + Primitive Warfare,black metal,"Bruges La Morte? Bruges is Doomed! Met dit festival voor heavy music bouwen alternative metal promotor Samhain en Cactus Muziekcentrum verder aan het aanbod zware metalen in het Venetië van het noorden. 
Na een geslaagde eerste editie met o.a. High On Fire en Conan als headliners én de...",https://www.cactusmusic.be/NL/Concerten/Kalender/bruges-is-doomed-festival
Cactus Muziekcentrum,2026-10-27,Personal Trainer + Spike Fuck,indie rock,"Personal Trainer, de rusteloos creatieve Nederlandse indie-rockband rond Willem Smit heeft zich geleidelijk opgewerkt vanuit de Amsterdamse grassroots-scene tot een wereldwijd tourende band binnen het roster van het gerenommeerde platenlabel Bella Union (Beach House, The Flaming Lips, Mercury...",https://www.cactusmusic.be/NL/Concerten/Kalender/personal-trainer
Cactus Muziekcentrum,2026-10-28,Kirk Fletcher,blues,"De Amerikaanse bluesgitarist Kirk Fletcher komt samen met zijn band naar Brugge voor een avond vol “blues with a feeling”. Met zijn krachtige gitaarspel en doorleefde stem behoort Fletcher tot de absolute top van de hedendaagse scene.Zijn stijl is diep verankerd in de traditie, met...",https://www.cactusmusic.be/NL/Concerten/Kalender/kirk-fletcher
Cactus Muziekcentrum,2026-10-29,Zap Mama & K.ZIA,,"Met 'Heritage é Motion' brengen de legendarische Zap Mama (Marie Daulne) en de aanstormende K.ZIA (Kezia Quental) een bijzonder project naar Cactus Club! Deze samenwerking markeert een muzikaal kruispunt tussen twee generaties, twee visies en een onbreekbare familieband.
Het optreden is meer...",https://www.cactusmusic.be/NL/Concerten/Kalender/zap-mama-kzia
Cactus Muziekcentrum,2026-10-30,St. Paul & The Broken Bones,soul,"St. Paul & The Broken Bones zijn het powerhouse soul ensemble rond de tot vocale tornado omgeschoolde bankbediende Paul Janeway. Samen met Jesse Phillips (bass), Browan Lollar (gitaar), Kevin Leon (drums), Al Gamble (keyboards), Allen Branstetter (trompet), Chad Fisher (trombone) en Amari...",https://www.cactusmusic.be/NL/Concerten/Kalender/st-paul-and-the-broken-bones
Cactus Muziekcentrum,2026-10-31,ICOON 'Like a prayer' - Halloween edition,,"Jouw nr°1 popfeest in Brugge viert Halloween met Madonna!
Hitjes! Hitjes! Hitjes!Verwacht je aan het grootste Halloween pop feest.Naast een avond bomvol hits van het ICOON Madonna, dansen we op de beste pophits van de 90s tot nu!Beyonce, Michael Jackson, Taylor Swift, Rihanna, Whitney, Justin...",https://www.cactusmusic.be/NL/Concerten/Kalender/icoon-halloween
Cactus Muziekcentrum,2026-11-04,Tsar B,rnb,"De Belgische artieste, componiste en multi-instrumentaliste Tsar B (Justine Bourgeus) herschikt het DNA van pop, klassiek-barok en clubbeats tot een levensstroom in razendsnel tempo, vol verwondering, toewijding en nieuwsgierigheid. Doorheen haar carrière heeft Bourgeus haar werk ook...",https://www.cactusmusic.be/NL/Concerten/Kalender/tsar-b
Cactus Muziekcentrum,2026-11-05,Portland,synthpop,"In zeven jaar tijd is Portland een van de populairste indie-acts in België geworden. De band van en rond frontman Jente Pironet maakte furore met gevoelige, dromerige songs, die ze live optillen tot momenten van roezige euforie.
Portland brak in 2018 door als winnaar van De Nieuwe Lichting....",https://www.cactusmusic.be/NL/Concerten/Kalender/portland
Cactus Muziekcentrum,2026-11-06,MAD PROFESSOR with SISTER AISHA + CRUCIAL ALPHONSO with REFLEXIAN Meets FORWARD FEVER with KOLOGNE,,"Mad Professor werd geboren in Georgetown, Guyana, en groeide op in Londen. Al meer dan vier decennia verfijnt hij de kunst en magie van dub vanuit zijn studio Ariwa Sounds, die hij in 1979 oprichtte.Hij wordt beschouwd als een van de meest toonaangevende producers van de tweede generatie en…",https://www.cactusmusic.be/NL/Concerten/Kalender/mad-professor
Cactus Muziekcentrum,2026-11-07,De Staat + Hiqpy,rock,De Staat heeft een reputatie opgebouwd als een van Europa’s meest inventieve en onverschrokken live-acts. Met zes studioalbums en talloze optredens op hun naam heeft de band consequent de grenzen verlegd van wat een rockband kan zijn. Van de dreunende strijdkreten van ‘Witch...,https://www.cactusmusic.be/NL/Concerten/Kalender/de-staat
Cactus Muziekcentrum,2026-11-09,Horse Jumper of Love - Playing their self titled debut in its entirety,slowcore,In de lente van 2016 waren de drie jongens van Horse Jumper of Love teenagers die songs schreven in de kelder van de ouders van zanger Dimitri Giannopoulos en optraden in het house-showcircuit van hun thuisstad Boston. Hun zelfgetitelde debuutplaat zetten ze zonder grote verwachtingen op...,https://www.cactusmusic.be/NL/Concerten/Kalender/horse-jumper-of-love
Cactus Muziekcentrum,2026-11-10,Spike and The Gimme Gimmes,,"Spike and the Gimme Gimmes (fka Me First and the Gimme Gimmes) staan bekend om hun energieke en humoristische punkrock-coveroptredens. Ze vormen pophits, countrynummers en showtunes om tot luidruchtige punkanthems met veel vakmanschap en spektakel. Alles kan en alles mag, van ABBA tot ZZ Top...",https://www.cactusmusic.be/NL/Concerten/Kalender/spike-and-the-gimme-gimmes
Cactus Muziekcentrum,2026-11-11,Joan As Police Woman,singer-songwriter,"Joan As Police Woman: performing the entire classic debut album 'Real Life'Joan As Police Woman is het alter ego van Joan Wasser, een geprezen artiest uit New York. Als multi-instrumentalist, zangeres en songschrijver valt ze niet gemakkelijk te categoriseren en heeft ze een eigen sound die...",https://www.cactusmusic.be/NL/Concerten/Kalender/joan-as-police-woman
Cactus Muziekcentrum,2026-11-13,Felix da Housecat,House,"Net zoals een kat negen levens heeft, heeft Felix da Housecat waarschijnlijk meer dan negen keer meegemaakt wat de gemiddelde mens in één leven meemaakt, ook al kan hij zich er grote delen niet meer van herinneren. De DJ/producer uit Chicago maakte als kind de geboorte van house mee,...",https://www.cactusmusic.be/NL/Concerten/Kalender/club-cactus
Cactus Muziekcentrum,2026-11-16,Shaki Tavi + Honey I'm Home,shoegaze,"Shaki Tavi is het project van de in Oklahoma geboren en momenteel in LA gebaseerde DIY artiest Leon Manson en een groep gelijkgezinden. Zijn songs zijn stuk voor stuk misleidend mooie popparels, goed verstopt onder dikke lagen gitaargeweld in de geest van shoegaze legendes als My Bloody…",https://www.cactusmusic.be/NL/Concerten/Kalender/shaki-tavi-honey-im-home
Cactus Muziekcentrum,2026-11-19,Ão,indie pop,"Met hun betoverende mix van elektronica, artpop, afropop, saudade en alternatieve latin is Ão uitgegroeid tot een van de meest opwindende acts in de Belgische muziekscene. Daarbij onttrekt het viertal zich aan elk genrelabel en blijven ze hun muzikale grenzen verleggen, zonder hun uniek...",https://www.cactusmusic.be/NL/Concerten/Kalender/ao
Cactus Muziekcentrum,2026-11-20,Ão - extra show,indie pop,"Met hun betoverende mix van elektronica, artpop, afropop, saudade en alternatieve latin is Ão uitgegroeid tot een van de meest opwindende acts in de Belgische muziekscene. Daarbij onttrekt het viertal zich aan elk genrelabel en blijven ze hun muzikale grenzen verleggen, zonder hun uniek...",https://www.cactusmusic.be/NL/Concerten/Kalender/ao-2
Cactus Muziekcentrum,2026-11-21,Nubiyan Twist,jazz,"Wat krijg je als je een bende virtuoze muzikanten, straffe producers en geïnspireerde componisten loslaat op hip-hop, afrobeat, UK Jazz en soul? Nubiyan Twist!Dit negenkoppige ensemble ontstond in 2011 aan het Leeds College of Music en wordt gezien als een van de toonaangevende bands in de...",https://www.cactusmusic.be/NL/Concerten/Kalender/nubiyan-twist
Cactus Muziekcentrum,2026-11-22,Luka Bloom,singer-songwriter,De Ierse singer-songwriter Luka Bloom heeft een speciale band met ons land. Al meer dan een dertig jaar lang is hij een graag geziene gast in de Belgische concertzalen. Met zijn krachtige performance en innemende persoonlijkheid is hij dan ook één van de beste troubadours van zijn...,https://www.cactusmusic.be/NL/Concerten/Kalender/luka-bloom
Cactus Muziekcentrum,2026-11-24,Shaking Hand,post-rock,"Shaking Hand is een trio uit Manchester dat van een avontuurlijke mix van slowcore en postrock in verschillende tunings en maatsoorten hun handelsmerk heeft gemaakt. Daarbij laat de band zich inspireren door modernistische architectuur, 90’s altrock en midwestern emo. Zelf noemen ze acts als...",https://www.cactusmusic.be/NL/Concerten/Kalender/shaking-hand
Cactus Muziekcentrum,2026-11-25,Patches,pop,"Patches is Lotte Lauwers, een Belgische artieste met Brugse roots die art pop mengt met zwoele vocalen en filmische spanning. Denk aan de rauwe intensiteit van PJ Harvey, maar gehuld in een dromerige mist van melancholie, onschuld en sensualiteit à la Lana Del Rey. Haar unieke, fluisterende...",https://www.cactusmusic.be/NL/Concerten/Kalender/patches
Cactus Muziekcentrum,2026-11-26,Jah Wobble plays 'Metal Box rebuilt in Dub',,"Samen met de betreurde Keith Levene en John Lydon richtte de Britse bassist Jah Wobble in 1978 de invloedrijke postpunkband Public Image Ltd. op. Naast de snijdende gitaar van Levene waren zijn hypnotiserende, op dub en krautrock gebaseerde baslijnen een fundamenteel element van de P.I.L.-sound,...",https://www.cactusmusic.be/NL/Concerten/Kalender/jah-wobble
Cactus Muziekcentrum,2026-12-02,Lézard,post-punk,"In een fonkelende explosie van confetti lijkt het Gentse combo Lézard ineens overal. Hun debuutplaat ‘Que Se Passe-t-il’ deed Belgische muziekjournalisten van Humo tot De Standaard naar de telefoon grijpen, en met hun kokette versie van ‘Rock Lobster’ bij ‘Ik...",https://www.cactusmusic.be/NL/Concerten/Kalender/lezard
Het Entrepot,2026-09-26,Hellfort – Metalfestival,,,https://hetentrepot.be/event/hellfort-metalfestival/
KAAP,2026-10-03,ADHD + other:M:other,jazz,ADHD + other:M:other,https://www.kaap.be/toont/adhd-othermother
KAAP,2026-10-04,Micha Volders - SǒN,,Micha Volders - SǒN,https://www.kaap.be/toont/micha-volders-son
KAAP,2026-10-30,W.E.R.F. records invites Chicago Underground Duo,,W.E.R.F. records invites Chicago Underground Duo,https://www.kaap.be/toont/werf-records-invites-chicago-underground-duo
KAAP,2026-11-13,W.E.R.F. records invites Don Kapot & Renette Désir,,W.E.R.F. records invites Don Kapot & Renette Désir,https://www.kaap.be/toont/werf-records-invites-don-kapot-renette-desir
KAAP,2026-11-28,W.E.R.F. records invites Laniakea x Jozef Dumoulin,,W.E.R.F. records invites Laniakea x Jozef Dumoulin,https://www.kaap.be/toont/werf-records-invites-laniakea-x-jozef-dumoulin
Snuffel Hostel,2026-09-06,Lola & Eastwood,,"LOLA⸻⸻⸻⸻⸻Combining energetic, feel-good music with a dedicated, old school work ethic, LOLA are turningheads and starting mosh pits anywhere with a stage (and preferably a half pipe). Described as a’refreshing taste of punk’, LOLA’s DIY attitude is not going unnoticed; performing festivalsacross…",https://snuffel.be/events/lola-eastwood/
Snuffel Hostel,2026-09-09,_treurwilg,,"_treurwilg is het muzikale alter ego van songwriter en filosofiestudent Pepijn Daenekynt. Met gitaar in de hand (en wat klungelig pianospel) maakt hij nummers geïnspireerd door depressie, angst en omgang met autisme.",https://snuffel.be/events/_treurwilg/
Snuffel Hostel,2026-09-18,Kiss The Anus of a Black Cat & ru·is,,"KTAOABC⸻⸻⸻⸻⸻Kiss the Anus of a Black Cat (KTAOABC) is the musical project of Belgian songwriter and multi-instrumentalist Stef Heeren. Founded in Ghent, Belgium, in the early 2000s, the band first emerged with a dark, hypnotic take on psychedelic folk — weaving droning harmoniums, acoustic guitars,…",https://snuffel.be/events/kiss-the-anus-of-a-black-cat-ru%c2%b7is/
Snuffel Hostel,2026-09-19,Nimbus Cart & The Rats,,"Nimbus Cart⸻⸻⸻⸻⸻Zangeres Janis is een frontvrouw die je niet vergeet: ongefilterd, doorleefd en brutaal eerlijk over alles waar ze het niet mee akkoord is! Jij denkt het, zij zingt het! Bitsige punkriffs, ongetemde drum en baslijnen die je onderuit halen. Denk: seventies-psychedelica maar dan een…",https://snuffel.be/events/nimbus-cart-the-rats/
Snuffel Hostel,2026-09-25,Whoman,ambient,"Whoman is de Brusselse indieband rond Mira en Ambroos De Schepper en Lou Wéry, die introspectieve indie rock verweeft met dromerige folk en experimentele popinvloeden. Hun muziek drijft op gelaagde vocal harmonies, subtiele elektronica en eigenzinnige arrangementen, tegelijk intiem en avontuurlijk.…",https://snuffel.be/events/whoman/
Snuffel Hostel,2026-09-26,Radio Barbã,Gypsy,"Het reizigersbloed stroomt door de aderen van Radio Barbã. Radio Barbã is afkomstig uit België maar klinkt als een metropool onder een broeierige zon. Een turbulente mix van Oost-Europese zigeunerklanken, Balkangrooves en transcontinentale Gipsypunk nemen je mee in een extatisch volksfeest.…",https://snuffel.be/events/radio-barba/
Snuffel Hostel,2026-09-30,Uncle Daddy,country,"Uncle Daddy begon ooit als excuus om samen pinten te drinken en de bodem is nog lang niet in zicht. Met twee banjo’s, twee gitaren, meermaals geplakte contrabas, een snijdende mandoline en een stuk of wat stemmen brengt de band uit Gent vuile country waar je a) blij van wordt, maar b) nochtans geen…",https://snuffel.be/events/uncle-daddy/
Snuffel Hostel,2026-10-01,HONEY,pop,"HONEY is een instrumentaal trio, dat ontstond uit jarenlange vriendschap en connectie als ritmesectie. eclectische grooves, lyriek en lekker eten vormen de voedingsbodem voor hun eigen muzikale taal — met echo’s van Al Green, D’Angelo en Ahmad Jamal. HONEY is Lukas Somers op gitaar, Gerben Brys op…",https://snuffel.be/events/honey/
Snuffel Hostel,2026-10-09,"Klutter, racehorsepablo & Cracks",,"Klutter⸻⸻⸻⸻⸻Ontstaan uit het lo-fi punk project van Arthur Langbeen, raast KLUTTER als een gebalde vuist uit de schaduw. De vijfkoppige band uit Brugge coaguleert het pus uit de open wonde van de wereld tot een rauwe, compromisloze sound. Met invloeden uit postpunk, new wave en hardcore knallen ze…",https://snuffel.be/events/klutter-racehorsepablo-cracks/
Snuffel Hostel,2026-10-10,Daddy O,,Daddy O⸻⸻⸻⸻⸻Get ready for a trip down memory lane! Daddy O and The Watermelons is een 9-koppige live jukebox die je meeneemt naar de gloriejaren van de soul en blues. Deze band – mét blazerssectie en backing vocals – brengt zoete soulmuziek en stomende rhythm&blues met een knipoog naar de jaren ’60…,https://snuffel.be/events/daddy-o/
Snuffel Hostel,2026-10-16,Vincent Coomans,,"Vincent Coomans verkent rouw en verlies in zijn intieme slaapkamermuziek. Na zijn geprezen EP Can’t you see that I Slowly distance myself from you (2020) en album The Great Rebuild (2023), kreeg hij erkenning van Radio 1’s Duyster en diverse muziekblogs. Zijn single “Catch The Night in Marble”…",https://snuffel.be/events/vincent-coomans-2/
Snuffel Hostel,2026-10-17,No Prisoners & Youff,,No Prisoners⸻⸻⸻⸻⸻Ex Raketkanon and Kapitan Korsakov new project No Prisonerslet’s switch to first person for a second okay so we recordedour debut album in three days and the music should speak foritself but that’s not how this works and we’ll just sound likea bunch of arrogant snobs if we keep it…,https://snuffel.be/events/no-prisoners-youff/
Snuffel Hostel,2026-10-23,Sniffing Velvet,,"Op vrijdag 23 oktober is het weer zover: een nieuwe editie van Sniffing Velvet, het Brugse event voor drag & more… Met op het podium:TBA en gepresenteerd & georganiseerd door Maria Kleopatra, Kimo Note & Vaito. De show begint stipt om 20u. Er is geen voorverkoop, tickets koop je aan de deur aan een…",https://snuffel.be/events/sniffing-velvet-3/
Snuffel Hostel,2026-10-24,Pink Tank,japanese,"Pink Tank brings you a fusion of indie rock, blues and jazzy influences. Lovers of rad guitar solos and electrifying explosions will certainly find what they’re looking for. When you combine this with the poetic and deeply personal lyrics, delicate harmoniesand Claire’s powerful vocals, you get…",https://snuffel.be/events/pink-tank/
Snuffel Hostel,2026-11-06,Lesbian Bed Death & Subatomic Strangers,,"Lesbian Bed Death⸻⸻⸻⸻⸻Lesbian Bed Death is een gothic punkrockband uit het Verenigd Koninkrijk. Met een uitgebreide discografie en muziekvideo’s met een horrorthema, combineert Lesbian Bed Death gothic punk met metal voor een energieke live-show die door muziekcritici is omschreven als ‘een…",https://snuffel.be/events/lesbian-bed-death-subatomic-strangers/
Snuffel Hostel,2026-11-07,figtrees,,"Singersongwriting opgetrokken uit het puin Welkom in de fantasiewereld van singer songwriter JJ Vroman.We glippen de tuin binnen, bij valavond. Een kasteel, opgetrokken uit het puin. Desolaat. Mysterieuze standbeelden. Ze staren ons aan. Spannend, meefluitbaar, maar oh zo broos. Op verkenning.…",https://snuffel.be/events/figtrees/
Snuffel Hostel,2026-11-12,Wave A Way,,"Wat gebeurt er wanneer een doorwinterd muzikaal koppel zich samen een weg golft door het leven? Nee, Jorik Van den Bosch (bandleider van de 60ies rock ‘n’ roll band The 925, ex-Mooneye) en Muriel Boulanger (o.a. van de surrealistische popband MURI) zijn niet in het huwelijksbootje gestapt. Ze deden…",https://snuffel.be/events/wave-a-way/
Snuffel Hostel,2026-11-20,Howlin’ Roaddogs,,"Howlin’ Roaddogs is een funky- bluesy /americana band met roots van Deinze tot Brugge. De band, begin deze eeuw opgericht rond Ed De Smul en Björn Van Gompel, viel uiteen in 2009 en werd in 2022 opnieuw opgestart. Met een benefietfestival voor Oekraine in mei 2022 werd de aftrap gegeven voor een…",https://snuffel.be/events/howlin-roaddogs/
House of Time,2026-09-03,HoT Stuff | concert Abel Ghekiere,,Onder de noemer 𝗛𝗼𝗧 𝗦𝘁𝘂𝗳𝗳 brengt House of Time i.s.m. Cactus Muziekcentrum elektronische en licht experimentele concerten. Met de industriële vibe van House of Time als decor creëren we samen een bruisende plek voor muziekliefhebbers. Tijdens de zomer van 2026 verwelkomen we vier verschillende…,https://www.uitinvlaanderen.be/agenda/e/hot-stuff-concert-abel-ghekiere/7796d7bd-5fcb-4de8-8216-ff23fbbe51bc
De Elf,2026-09-04,Relaxatie ligconcert | klankbad bij de Elf in Brugge,,"""Muziek en ritme vinden hun weg tot in de geheime plaatsen van de ziel.""-Plato Tijdens dit concert lig je comfortabel neer op jouw matje met een knus deken over je heen. Allereerst neem ik de tijd om je te laten aankomen via zachte ademhalingsoefeningen en/of meditatie/visualisatie. Dit kan je…",https://www.uitinvlaanderen.be/agenda/e/relaxatie-ligconcert-klankbad-bij-de-elf-in-brugge/9c4e1f7f-caee-4364-b002-27654ae3b1c7
KORF,2026-09-04,Concert - By Far,rallye label,"Korf: warme bar, open podium. In Korf laten we graag stemmen klinken, snaren trillen en verhalen tot leven komen. Elke artiest, muzikant of performer met kriebels in de vingers krijgt bij ons een plek om te schitteren. Deze vrijdag ontvangen we de band ‘By Far’: By Far is het project rond…",https://www.uitinvlaanderen.be/agenda/e/concert-by-far/4435c421-491b-43bb-b786-2625e0ed72b0
Het Pannenhuis,2026-09-05,AFROFEEST BRUGGE,,"Op zaterdag 5 september 2026 brengen wij inwoners van Brugge en omstreken samen voor een dag vol muziek, dans, mode, gastronomie, sport, kinderanimatie en culturele activiteiten. Het festival heeft als doel mensen van verschillende culturen met elkaar te verbinden, de rijkdom van de Afrikaanse…",https://www.uitinvlaanderen.be/agenda/e/afrofeest-brugge/68bbde96-2d15-4949-a322-4db1e2f94297
't Zand Brugge,2026-09-06,Dag van de blaaskapellen: Kaasmarkt,,VLAMO organiseert een Dag van de Blaaskapellen op de Kaasmarkt in Brugge. Verschillende blaaskapellen zorgen voor sfeer en ambiance op de Kaasmarkt. 10u00 to 11u00: De Tieltse Blaaskapelle 11u00-12u15 tot 14u00: De Essener Muzikanten 12u30 tot 13u45: 't Heremenieke 14u00 tot 15u15:Die Original…,https://www.uitinvlaanderen.be/agenda/e/dag-van-de-blaaskapellen-kaasmarkt/a4b969c8-61a5-4c87-a6c0-489d8e2a76bf
Brugge Centrum,2026-09-03,Reiefestival,,"Van 4 tot en met 6 september 2026 verandert Reiefestival Brugge in een levend podium voor hedendaagse podiumkunsten. Verspreid over de binnenstad brengen (inter)nationale makers nieuwe creaties en bijzondere voorstellingen met theater, muziek, dans, performances en installaties. Geïnspireerd door…",https://www.uitinvlaanderen.be/agenda/e/reiefestival/ed19fd4f-6253-43af-9b7a-b601b73b8a41
KORF,2026-09-11,Concert - Nandini,rallye label,"Korf: warme bar, open podium. In Korf laten we graag stemmen klinken, snaren trillen en verhalen tot leven komen. Elke artiest, muzikant of performer met kriebels in de vingers krijgt bij ons een plek om te schitteren. Deze vrijdag ontvangen we Nina! Nandini, betekent ‘degene die anderen vreugde…",https://www.uitinvlaanderen.be/agenda/e/concert-nandini/85ef4532-7093-4cdd-b63b-05b1a2f5ab95
Royal Municipal Theatre,2026-09-11,"Wagner, Debussy, Brahms, Britten by Kseniia Nikolaieva",,"Red Events & Distribution Ltd presenteert met trots de Europese tournee van HYPNOTIC , een nieuw meeslepend operaproject van de internationaal gerenommeerde mezzosopraan Kseniia Nikolaieva , vaste gast en resident artist van het Royal Opera House in Londen , samen uitgevoerd met de befaamde Franse…",https://www.uitinvlaanderen.be/agenda/e/wagner-debussy-brahms-britten-by-kseniia-nikolaieva/5206a04d-d210-4e91-bf34-dcaa2d60ec3e
Adornesdomein & Jeruzalemkapel,2026-09-11,Zomernocturne 2026,,"Op vrijdag 11 september wordt de Jeruzalemkapel opnieuw omgetoverd tot de meest romantische plek in Brugge! In de prachtig verlichte kapel verwelkomen we deze keer Musica Gloria , een jong, dynamisch, instrumentaal en vocaal barokensemble. Wat kan u verwachten? - Een buitengewone en sfeervolle…",https://www.uitinvlaanderen.be/agenda/e/zomernocturne-2026/cb563745-9909-42d7-8c5f-71335eefdc09
Heilig-bloed kapel,2026-09-12,Internationaal Muziekfestival Adriaen Willaert,,De Poolse organist Przemyslaw Kapitula brengt een gevarieerd programma met ondermeer werken van Poolse componisten,https://www.uitinvlaanderen.be/agenda/e/internationaal-muziekfestival-adriaen-willaert/368e7b30-0a49-48fc-bbc6-4a1689079547
Engels Klooster,2026-09-13,MAESTRO XAVIER DÍAZ-LATORRE — Stolen Roses —,,"ÉÉN VAN DE GROTE STERREN VAN DE OUDE MUZIEK, die AL DECENNIALANG samenspeelt MET JORDI SAVALL, is HOOGST UITZONDERLIJK — na een uitverkocht concert begin dit jaar — TERUG te gast in BRUGGE! PURE MAGIE wordt het, wanneer deze Spaanse LUITVIRTUOOS XAVIER DÍAZ-LATORRE — wereldwijd gevraagd op de…",https://www.uitinvlaanderen.be/agenda/e/maestro-xavier-d-az-latorre-stolen-roses/2bfdb360-8b19-4c13-a751-be51cef02317
Sint-Gilliskerk,2026-09-13,Gratis Concert van de Dore Male Choir uit Engeland,,"Dore, Sheffield — Het Dore Male Voice Choir zal in 2026 door België touren met zo'n 35 tot 40 zangers. Het koor staat bekend om het zingen uit het hoofd en presenteert een breed repertoire, van opera en musicals tot religieuze en volksmuziek, vaak in meerdere talen. Het koor, opgericht in 1964 en…",https://www.uitinvlaanderen.be/agenda/e/gratis-concert-van-de-dore-male-choir-uit-engeland/fb7289fe-6aa7-418c-aef5-182f814b0be0
Provinciaal Hof,2026-09-17,Werelddag Dementie in het Provinciaal Hof,,Het Provinciaal Hof nodigt je van harte uit om het dementievriendelijk aanbod te ontdekken. Laat je verrassen door deze verbindende activiteiten. Aansluitend op iedere activiteit biedt de Provincie West-Vlaanderen een drankje aan. Programma: 11.00 - 12.00: Dementievriendelijke rondleiding in het…,https://www.uitinvlaanderen.be/agenda/e/werelddag-dementie-in-het-provinciaal-hof/0fa3a33a-c3cf-46f2-b48b-6d664d058d26
"Concertgebouw, concertzaal",2026-09-18,"Anima Eterna Brugge & Alexander Melnikov / Bartók. Muziek voor snaren, slagwerk en celesta",,Centraal-Europese landschappen op historische instrumenten Sterpianist Alexander Melnikov en huisorkest Anima Eterna serveren meesterwerken die het muzikale landschap van Centraal-Europa in de 19e en 20e eeuw kleurden. De melodieën van Dvořáks Cypressen doen dromen van groene bossen. Janáček en…,https://www.uitinvlaanderen.be/agenda/e/anima-eterna-brugge-alexander-melnikov-bart-k-muziek-voor-snaren-slagwerk-en-celesta/ca7cea01-5037-4d59-9ffa-d1c5028773c2
Magdalenakerk,2026-09-19,Tajali Trio Mystical Soundjourney/Ligconcert Magdalenakerk Brugge,,Into the Mystery – A Live world music SoundJourney Op 19 juni nemen we jullie mee op een nieuwe mystieke reis van klank en trilling. Tajali Trio: drie belichaamde en ervaren muzikanten die hun krachten bundelen tot een ware streling voor je ziel. Wat zij samen creëren komt binnen als een mystieke…,https://www.uitinvlaanderen.be/agenda/e/tajali-trio-mystical-soundjourney-ligconcert-magdalenakerk-brugge/08707a14-512b-452e-b27c-0b6a730da854
Sint-Gilliskerk,2026-09-19,Utopia Ensemble / Lassus. Klaagzangen,,Verdriet in een helend weefsel van stemmen In de late 16e eeuw componeerde Orlandus Lassus zijn Lamentaties als een indringende getuigenis van menselijke ontreddering. Dit is muziek die de soberheid van de Goede Week verheft tot pure kunst. De ragfijne polyfonie van dit meesterwerk en de uitvoering…,https://www.uitinvlaanderen.be/agenda/e/utopia-ensemble-lassus-klaagzangen/ccda9e1b-ed4f-405b-92a9-c615fa00d5cf
MaZ,2026-09-19,Het masker van Bruegel - Franky De Smet-Van Damme / Peter Laloo / Cadavre Exquis Couture,,"Een unieke avond waarin muziek, theater en gastronomie samensmelten tot een duistere, zintuiglijke totaalervaring vol maskers, rituelen en verrassende klanken. Franky De Smet-Van Damme kwam in zijn carrière bij Channel Zero nogal wat theatrale metalbands tegen. Van Slipknot tot Ghost, allen…",https://www.uitinvlaanderen.be/agenda/e/het-masker-van-bruegel-franky-de-smet-van-damme-peter-laloo-cadavre-exquis-couture/bd14ca94-9f46-4850-9fd7-c0b0c19b679b
Koningin Astridpark Brugge,2026-09-20,(H)eerlijk Brugge,,"Op zondag 20 september komt het Koningin Astridpark helemaal tot leven tijdens (H)eerlijk Brugge . Tussen 11.00 en 17.00 uur kan je er genieten van een warm, gezellig familiefestival waar duurzame voeding centraal staat. Op de website van Stad Brugge vind je meer info over (H)eerlijk Brugge.",https://www.uitinvlaanderen.be/agenda/e/h-eerlijk-brugge/72dff8be-e78e-4a6f-a678-0a0a85e99d85
Cinema Lumière Brugge,2026-09-17,STOM! Festival van de Stille Film met live muziek in Brugge,,"Duik in de betoverende wereld van stille cinema tijdens het Festival van de Stille Film in Cinema Lumière Brugge! Van 17 t/m 20 september 2026 waait er een nostalgische wind door Cinema Lumière Brugge tijdens de vierde editie van het Festival van de Stille Film . Geniet van tijdloze klassiekers,…",https://www.uitinvlaanderen.be/agenda/e/stom-festival-van-de-stille-film-met-live-muziek-in-brugge/92fd25f1-3cd4-4e0d-be49-6763999f99f7
Stadsschouwburg Brugge,2026-09-22,Songs of the Unseen - Diverse artiesten,,"Een ontroerende avond waar muziek en beeld samen onzichtbare ziektes tastbaar maken, en verhalen van kwetsbaarheid en kracht tot leven komen.

Muzikant Jozef Sercu was diep geraakt door het thema van de afgelopen Warmste Week: onzichtbare ziektes. Hij ging op zoek naar artiesten die bereid waren om…",https://www.uitinvlaanderen.be/agenda/e/songs-of-the-unseen-diverse-artiesten/6d933d27-8998-411b-9d7b-c00c74c27322
Natuurcentrum Beisbroek,2026-09-24,Nocturne: Muziek en Natuur,,"In het Natuurcentrum zien we Natuur en Cultuur als onlosmakelijk. Beleef de natuur door middel van muziek en laat je meenemen in het verhaal van Hans Vermeulen. Tijdens deze bijzondere avond brengt hij een heldere en boeiende lezing, afgewisseld met live muziek die zijn verhaal kracht bijzet.",https://www.uitinvlaanderen.be/agenda/e/nocturne-muziek-en-natuur/3ab41d69-f460-4ca1-9984-fa4db1fbb2ad
Engels Klooster Carmersstraat 83b,2026-09-25,Ryelandt Festival - Missa en Mystiek: Ryelandt in Koor Bladelin Ensemble,,"Het Bladelin Ensemble presenteert in het kader van het Ryelandt Festival een bijzonder concertprogramma met religieuze werken van Joseph Ryelandt, wiens zus non was in het Engels Klooster. Op het programma staan onder meer een compositie die hij aan haar opdroeg (les Béatitudes) evenals vijf werken…",https://www.uitinvlaanderen.be/agenda/e/ryelandt-festival-missa-en-mystiek-ryelandt-in-koor-bladelin-ensemble/1da0f4dd-4025-41d8-82df-107286fc0c95
Royal Municipal Theatre,2026-09-25,Carmina Burana door candlelight,,"Een intieme, koorgerichte explosie van noodlot, hartstocht en middeleeuwse poëzie — in de fantastisch sfeervolle Koninklijke Stadsschouwburg in het hart van Brugge, op 25 september om 20.00 uur. Voel het vuur van het lot en de polsslag van het menselijke verlangen in deze kamerversie van Carmina…",https://www.uitinvlaanderen.be/agenda/e/carmina-burana-door-candlelight/86e64e65-855d-48b4-abef-892c4bd55b47
Engels Klooster Carmersstraat 83b,2026-09-26,Ryelandt Festival - Tussen Stilte en Klank: de wereld van Joseph Ryelandt,,"Musicoloog en Ryelandt-specialist David Vergauwen presenteert een boeiende lecture-performance waarin hij het leven en werk van Joseph Ryelandt tot leven brengt, terwijl pianist Hans Ryckelynck muziek vertolkt van Ryelandt en tijdgenoten. Dit is het eerste concert met de vleugelpiano die Ryelandt…",https://www.uitinvlaanderen.be/agenda/e/ryelandt-festival-tussen-stilte-en-klank-de-wereld-van-joseph-ryelandt/0b4d8211-a4e0-4faf-8ad7-2b8bb7225924
Concertgebouw,2026-09-26,Deep Listening Night / Muziek begint bij ademen,,"Dat adem niet slechts lucht is, maar een bron van resonantie en emotie in muziek kan zijn, blijkt duidelijk in deze Deep Listening Night. Elke nuance in spanning en sterkte van de luchtstroom beïnvloedt toonhoogte, -duur en -sterkte, en is ook bepalend voor de expressie en vertelkracht. Een…",https://www.uitinvlaanderen.be/agenda/e/deep-listening-night-muziek-begint-bij-ademen/7a90c5a2-549d-4ad7-9ba0-fee8e9f1752d
Koningin astridpark,2026-09-27,Aperitiefconcert,,"Niets aangenamer dan een concertje in het park. De Noordzee Brassband speelt muziek die vrolijk stemt, de harten beroert, meekleurt met de seizoenen en een oppepper geeft voor de rest van de zondag. Gratis toegang.",https://www.uitinvlaanderen.be/agenda/e/aperitiefconcert/f4bed269-bc6e-41f4-b3c2-a6a8a807b247
Engels Klooster Carmersstraat 83b,2026-09-27,Ryelandt Festival - Passie en Poëzie: de Pianotrio's van Joseph Ryelandt,,"Het Ryelandt Trio is een gepassioneerd kamermuziekensemble dat zich toelegt op het verkennen en vertolken van het pianotriorepertoire met bijzondere aandacht voor minder bekende parels. In dit programma brengen zij pianotrio’s van Joseph Ryelandt tot leven, waarbij ze de rijke expressie en…",https://www.uitinvlaanderen.be/agenda/e/ryelandt-festival-passie-en-po-zie-de-pianotrio-s-van-joseph-ryelandt/56d3e16f-5872-4621-a20e-6019defb4a28
Heilig Hart en Sint-Philippuskerk Steenbrugge,2026-09-27,concert van DUO TAISA - Joke Van Tilborg en Elke De Meester,,"Elke De Meester en Joke Van Tilborg zijn twee muzikantes die van alle markten thuis zijn. De twee klassiek geschoolde muzikanten leerden elkaar kennen op een stage rond muziek van de Roma, in 2009. Enkele jaren later vormden ze een gelegenheidsduo voor een verjaardagsfeest, en de muzikale en…",https://www.uitinvlaanderen.be/agenda/e/concert-van-duo-taisa-joke-van-tilborg-en-elke-de-meester/59f633a9-7a9a-4260-8004-54b5442563bb
MaZ,2026-09-30,Was ik maar een muis - Niels Boutsen (Stoomboot),,"Stoomboot zet zich achter de piano in een begeleidingsplek voor meisjes waar wantrouwen langzaam plaatsmaakt voor muziek die ontstaat uit gedeelde verhalen, pijn en onverwachte verbondenheid.

Niels Boutsen, bekend onder de artiestennaam Stoomboot, zette zich enkele maanden achter een piano in de…",https://www.uitinvlaanderen.be/agenda/e/was-ik-maar-een-muis-niels-boutsen-stoomboot/a2025acd-087d-44fd-a421-4980c3c8b5c9
MaZ,2026-10-01,Catharsis,Power metal,"Catharsis is een niet-tradioneel klassiek kwartet bestaande uit violistes Anouk Lievens en Elien Vander Brugge, altvioliste Marijn Thissen en elektrisch gitarist Thiery Vercammen. Het kwartet brengt een crossover van klassiek, filmmuziek en popmuziek, gecombineerd met eigen composities van Thiery…",https://www.uitinvlaanderen.be/agenda/e/catharsis/89952942-2762-4798-884f-e9a728a11696
"Concertgebouw, concertzaal",2026-10-01,Tsjaikovski 5,,"Dertien jaar lang koesterde de steenrijke zakenvrouw Nadezjda von Meck een grenzeloze bewondering voor Tsjaikovski. Dat we Tsjaikovski vandaag nog kennen, danken we aan haar mecenaat. Ze wisselden meer dan 1.200 brieven uit maar besloten elkaar nooit te ontmoeten. Oh, romantiek! Ook Beethoven werd…",https://www.uitinvlaanderen.be/agenda/e/tsjaikovski-5/98627ed7-3af6-409a-b4be-3d8b36bf9240
Concertgebouw,2026-10-02,Scala 30 | Jubileumconcert,,"Vier 30 jaar Scala & Kolacny Brothers met Scala 30 Geniet van 30 jaar muzikale pracht tijdens Scala 30 , een onvergetelijke avond met het wereldberoemde meisjeskoor, onder de meesterlijke leiding van de gebroeders Kolacny. Laat je betoveren door adembenemende, unieke herinterpretaties van iconische…",https://www.uitinvlaanderen.be/agenda/e/scala-30-jubileumconcert/7c1bd74b-52a7-417a-81e3-dfad8cdb92a8
Sint-Salvatorkathedraal,2026-10-02,ONCEIM / Ryoji Ikeda & Marina Rosenfeld,trumpet,Monumentale klanken van orgel & kopers vullen kathedraal In zijn gloednieuwe werk opent Ryoji Ikeda de deuren naar een spectaculair klankuniversum voor orgel en kopers. De Japanse audiovisuele en elektronica-pionier exploreert een palet dat varieert van dramatische koperexplosies tot subtiele…,https://www.uitinvlaanderen.be/agenda/e/onceim-ryoji-ikeda-marina-rosenfeld/d715f31f-f917-4000-860b-fd33d42453ff
Sint-Salvatorkathedraal,2026-10-02,ONCEIM / Ryoji Ikeda & Marina Rosenfeld / 7x7 voorstelling Concertgebouw Brugge,trumpet,"Deze voorstelling behoort tot 7x7, het jongerenaanbod van Concertgebouw Brugge. Ben je jonger dan 26? Dan betaal je slechts €7 voor een ticket. Soundcast, het jongerenplatform van Concertgebouw Brugge, selecteerde zeven niet-te-missen voorstellingen voor jou. Een topvoorstelling bijwonen voor…",https://www.uitinvlaanderen.be/agenda/e/onceim-ryoji-ikeda-marina-rosenfeld-7x7-voorstelling-concertgebouw-brugge/ea7990b2-8c05-4028-83db-1a1ae46c99d2
Rode Kruis Opvangcentrum Brugge,2026-10-03,Tomas Casella,,"Op de eerste zaterdag van AMOK opent het Rode Kruis opvangcentrum Brugge zijn deuren voor een bijzondere ochtend van ontmoeting en muziek. 10:00 Rondleiding (vrijblijvend) Wie dat wenst, kan voorafgaand aan het concert deelnemen aan een rondleiding door het opvangcentrum. U krijgt een unieke inkijk…",https://www.uitinvlaanderen.be/agenda/e/tomas-casella/10dded31-4e5d-452e-97df-ccf2132afa88
CC De Dijk,2026-10-03,Album premiere Bard Hartman,,"Na vijf jaar schrijven, schaven en opnemen stelt Bard Hartman -aka Bart Merlevede - zijn debuutalbum voor het eerst live voor. Verwacht een warme, meeslepende concertbeleving met full band (De Helden), aangevuld met strijkers en blazers die de songs tot leven brengen. Deze voorstelling situeert…",https://www.uitinvlaanderen.be/agenda/e/album-premiere-bard-hartman/9cb28364-7a85-404b-bba9-908180a85534
Brocante Café,2026-10-03,Duende desde brujas  in concert,,"Duende desde Brujas brengt eigen en zinnige wereldklanken, van klassiek langs flamenco naar gipsy muziek... In het huiselijk en sfeervol kader van het Brocante Café. Patrick De Blauwe: Spaanse gitaar Marc Van Achte: contrabas",https://www.uitinvlaanderen.be/agenda/e/duende-desde-brujas-in-concert/825859ec-969b-4172-a7e8-0e1be7af5b56
Jeugdhuis Thope,2026-10-03,RockOnRobin,,"RockOnRobin is back! De Ierse rockband U2 viert in 2026 haar 50-jarig bestaan. Red Rocks brengt een intense U2 live-set vol rauwe energie, snedige gitaren en iconische songs en neemt je mee van de vroege jaren tot de klassiekers die iedereen kent. Na Red Rocks trekken DJ's Didier S. en Radio Zeetje…",https://www.uitinvlaanderen.be/agenda/e/rockonrobin/21b465ef-25e2-46d8-868d-b1ace19fc5d7
"KOM!,",2026-10-04,Will Guthrie & Ensemble Nist-Nah,,"De ceremoniële gamelancultuur uit Bali & Java, heruitgevonden als een hedendaags percussieritueel Ensemble Nist-Nah is een hybride percussie-ensemble dat gongs, klankschalen, xylofoons, bellen, cimbalen, drums en andere instrumenten uit de Javaanse en Balinese gamelantraditie gebruikt om originele…",https://www.uitinvlaanderen.be/agenda/e/will-guthrie-ensemble-nist-nah/d663d580-ae63-4eab-9668-1904b1f7a8db
"Concertgebouw, concertzaal",2026-10-04,Gürzenich-Orchester / Köln Strauss. Der Rosenkavalier,,"Amoureuze perikelen in Strauss’ beroemdste operaMet Der Rosenkavalier dompelt het Gürzenich-Orchester Köln je onder in een wereld vol weemoed, humor en weelderige klankkleuren. In deze geliefde opera van Richard Strauss staat een vrouw centraal die terugkijkt op haar leven, loslaat en met milde…",https://www.uitinvlaanderen.be/agenda/e/g-rzenich-orchester-k-ln-strauss-der-rosenkavalier/d9022cf4-aea9-4847-ba02-67643dd0811f
Concertgebouw - Kamermuziekzaal,2026-10-08,Harvest / Spinthout,hardcore,"Claron McFadden schittert in nieuw werk Harvest opent een wereld van nieuwe perspectieven voor doorleefde stemmen. Componisten als Annelies Van Parys en Yating Wang schrijven rollen vol diepgang en levenservaring voor rijpere zangers. Het resultaat is een aantal monodrama’s vol gelaagde personages,…",https://www.uitinvlaanderen.be/agenda/e/harvest-spinthout/9e10e55a-8428-4715-ab6b-99579e553a2d
KORF,2026-10-09,Concert - Bonfire Lakes,rallye label,"Korf: warme bar, open podium. In Korf laten we graag stemmen klinken, snaren trillen en verhalen tot leven komen. Elke artiest, muzikant of performer met kriebels in de vingers krijgt bij ons een plek om te schitteren. Deze vrijdag ontvangen we de band ‘Bonfire Lakes’. Bonfire Lakes maakt indiefolk…",https://www.uitinvlaanderen.be/agenda/e/concert-bonfire-lakes/813bfa07-7f93-43cb-adb3-776c40df8725
Psychiatrisch Ziekenhuis Onze-Lieve-Vrouw,2026-10-10,Joachim Badenhorst - Youran 揺籃,Juma,"Wiegen met Youran Youran 揺籃 , wat wieg betekent in het Japans, omarmt de onzekerheden van het huidige moment terwijl we voortbestaan in de trilling van mogelijkheden. Dit nieuwe project onder leiding van Joachim Badenhorst brengt een eigenzinnige groep muzikanten samen met een rijke en eclectische…",https://www.uitinvlaanderen.be/agenda/e/joachim-badenhorst-youran/b09a9ef3-d210-48ba-b9f3-12b4c934d930
MaZ,2026-10-10,The Christian Club + Alrick,,"Een zwevende, melancholische double bill met dromerige indiefolk en intieme elektronica die laveert tussen stilte, spanning en troost, gedragen door zachte stemmen en gelaagde klanklandschappen.

Met sober tokkelende gitaren gedrenkt in reverb, geruggensteund door een contrabas en de heerlijk…",https://www.uitinvlaanderen.be/agenda/e/the-christian-club-alrick/10aba47b-7a5a-43cb-b943-66a4e92c5d26
Psychiatrisch Ziekenhuis Onze-Lieve-Vrouw,2026-10-11,Paula Sanchez - Pressure Sensitive,,"Meeslepend gefluister van een cello, gehuld in cellofaan Provocatief en ontroerend, Pressure Sensitive van Paula Sanchez is meer dan een muzikale performance. Het is een meeslepende ervaring die open-minded luisteraars beloont. Sanchez heeft haar interdisciplinaire interesses in het snijpunt van…",https://www.uitinvlaanderen.be/agenda/e/paula-sanchez-pressure-sensitive/95693652-b429-4e11-981d-006b8381d5c6
Stadsschouwburg Brugge,2026-10-11,Sara Correia - Tempestada,fado,"Een betoverende stem uit Lissabon die fado en saudade tot leven wekt met respect voor traditie en een intense, moderne emotionaliteit.

Het lijkt alsof Sara Correia uit de kleuren en klanken van haar geboortestad Lissabon is gemaakt. Net als de metropool ademt ze een en al fado. Haar levensmissie…",https://www.uitinvlaanderen.be/agenda/e/sara-correia-tempestada/16120ec3-3069-4d34-9d0a-f4e8165afde9
Verschillende locaties,2026-10-02,AMOK,death metal,"Twee weekends lang ademt Brugge AMOK. AMOK brengt de eerste twee weekends van oktober interventies naar onverwachte plekken - een zwembad, een woonzorgcentrum, een psychiatrisch ziekenhuis - met één vraag als rode draad: AM I OK? Muziek, film, performance en zorg vinden elkaar. Kunst als manier om…",https://www.uitinvlaanderen.be/agenda/e/amok/ca7f984d-31f7-47c2-a92d-b13cc859c661
Stadsschouwburg Brugge,2026-10-14,Spain plays ‘The Blue Moods of Spain’,,"Spain speelt integraal hun meesterwerk 'The Blue Moods of Spain'.

The Blue Moods of Spain groeide midden de jaren 90 uit tot een ware cultklassieker. Oprichter Josh Haden kwam voor het eerst naar buiten met een unieke mix van jazz, blues, folk en indierock. De atmosferische, filmische vibes op het…",https://www.uitinvlaanderen.be/agenda/e/spain-plays-the-blue-moods-of-spain/52c6d1f9-8392-47aa-ae12-9df00db3811c
Stadsschouwburg Brugge,2026-10-14,Spain plays 'The Blue Moods of Spain',,"Vorig jaar werd ' The Blue Moods Of Spain ', het betoverende debuut van nineties monument Spain , 30 jaar. Frontman en bassist Josh Haden (zoon van jazz-legende Charlie Haden) draaide op die plaat elementen uit jazz, blues, country en sixties soul binnenstebuiten en stak ze weer in elkaar tot een…",https://www.uitinvlaanderen.be/agenda/e/spain-plays-the-blue-moods-of-spain/e0302b64-df08-41ce-9b50-c02a662f7cd8
"Concertgebouw, concertzaal",2026-10-15,Bamberger Symphoniker & Midori Goto / Mendelssohn & Bruckner,,"Klassebakken vangen de wereld in klanken Wanneer de strijkstok van Midori Goto de snaren raakt, spreekt niet alleen de muziek, maar het leven zelf. In Mendelssohns concerto ontsluit de Japanse legende een wereld vol tederheid en vuur, waarin melodieën ademen als menselijke stemmen. Ook Bruckners…",https://www.uitinvlaanderen.be/agenda/e/bamberger-symphoniker-midori-goto-mendelssohn-bruckner/994b26e7-1be4-488d-980e-4e12c011d3ea
"Sint-Andriesabdij, Zevenkerken 4",2026-10-16,Klankreis 'Around the World',,"Stap  binnen in een wereld van klank, trilling en verbinding tijdens onze  unieke klankreis 'Around the World'. Laat je meevoeren op een muzikale  reis die de grenzen de continenten overschrijdt. Het wordt een zintuiglijke klankreis, een  muzikale ontdekkingstocht langs diverse culturen en…",https://www.uitinvlaanderen.be/agenda/e/klankreis-around-the-world/4ed5097a-f2d5-4328-90ad-33c822f421a3
Sint-Jacobskerk,2026-10-16,Vox Luminis Schütz. / Schwanengesang,,"De laatste woorden van een barokke grootmeesterEen magistraal muzikaal testament, waarin de componist op 86-jarige leeftijd zijn hele levenservaring samenvat. Dat is Heinrich Schütz’ Schwanengesang. Geen theatrale effecten, maar pure expressie en een zeldzame combinatie van innerlijke rust en…",https://www.uitinvlaanderen.be/agenda/e/vox-luminis-sch-tz-schwanengesang/a2f5fc54-dd20-461b-b978-c7f7c7e321c5
Engels Klooster Carmersstraat 83b,2026-10-17,Flauto e Cembalo Obbligato - Les Goûts Authentiques,,"Linde Demuynck en Jan Devlieger brengen een gevarieerd concertprogramma voor blokfluit en klavecimbel, waarbij het klavecimbel een volwaardige, virtuoze rol speelt. Het programma verbindt werken van J.S. Bach, zijn zoon C. Ph. Emmanuel en G. Ph. Telemann, en toont hoe de traditie van bewerkingen en…",https://www.uitinvlaanderen.be/agenda/e/flauto-e-cembalo-obbligato-les-go-ts-authentiques/2828159d-bdd3-40a1-8651-45b28699c090
MaZ,2026-10-17,Bloed + Nachtschade,,"Een nietsontziende double bill waarin loodzware postmetal en atmosferische blackgaze samensmelten.

Het jongste wapen in het indrukwekkende arsenaal aan postmetal in Vlaanderen heet Bloed en bestaat uit twee broers en een zus. In 2023 wonnen ze Sound Track, maar ze blijven de grenzen van hun geluid…",https://www.uitinvlaanderen.be/agenda/e/bloed-nachtschade/a69c3394-e65b-4821-8404-80ece2dc8999
Stadsschouwburg Brugge,2026-10-18,A Dolly Day To Remember,,"Een feestelijke ode aan Dolly Parton waarin briljante muzikanten haar grootste countryklassiekers tot leven brengen.

Christophe Vekeman verwelkomt je op het 80ste verjaardagsfeest van de ultieme countrydiva, Dolly Parton. Vier fantastische stemmen — Little Kim (Belcanto), Nathalie Delcroix (Laïs),…",https://www.uitinvlaanderen.be/agenda/e/a-dolly-day-to-remember/3104d124-b6c9-427b-b1f3-93b1822e5427
MaZ,2026-10-18,Consolation - Het Poorthuis,death metal,"Een ingetogen en ontroerende voorstelling waarin muziek, dans en beeld samen een verhaal van verlies en troost vertellen.

Consolation is een voorstelling met livemuziek, dans en natuurfotografie over (levend) verlies. Jozef Sercu componeerde de woordeloze muziek bij de ongeneeslijke ziekte van…",https://www.uitinvlaanderen.be/agenda/e/consolation-het-poorthuis/0022d771-f2f9-4791-b17c-2cb15e765178
BRUSK,2026-10-19,"BRYGGEN x Refik Anadol / Shaw, Pärt, Adès & Kilar",,"Beeldende kunst en muziek ontmoeten elkaar in BRUSK Met behulp van kunstmatige intelligentie en machine learning transformeert kunstenaar Refik Anadol enorme datasets in meeslepende audiovisuele installaties. Zo maakt hij data tot een levend canvas van licht, beweging en kleur – een tastbare, bijna…",https://www.uitinvlaanderen.be/agenda/e/bryggen-x-refik-anadol-shaw-p-rt-ad-s-kilar/c0c892a4-7d01-4ed9-afa0-0c06617acddb
Ter Muiden Veldzicht,2026-10-20,voorleesverhaal en trooststeentjes maken,,Tijdens het knooppuntenfestival komt een vrijwilliger van de bib een verhaal voorlezen. We staan stil bij het thema rouw en verlies. Na het verhaal maken we samen trooststeentjes. Wie een trooststeentje maakt mag het zelf houden of schenken aan iemand die wat troost kan gebruiken.,https://www.uitinvlaanderen.be/agenda/e/voorleesverhaal-en-trooststeentjes-maken/b012d3ac-0392-4605-9eb0-fab6c507ffc4
Concertgebouw - Kamermuziekzaal,2026-10-22,Octavie Dostaler-Lalonde & Artem Belogurov / Swan Song,,"Poëtisch afscheidswerk voor cello en piano Onzekerheid en hoop, dat zijn de gevoelens die opborrelen bij de gedachte aan een nakende dood. Oudemuziekspecialisten Octavie Dostaler-Lalonde en Artem Belogurov leggen een intense muzikale reis af tussen die uitersten. Van reflectie bij Fanny Mendelssohn…",https://www.uitinvlaanderen.be/agenda/e/octavie-dostaler-lalonde-artem-belogurov-swan-song/6647412d-2406-4515-bd4f-cd49c985ce5a
De Kelk,2026-10-24,Tijs Vanneste & Tangled Horns (TATTOORIST - LIVE),,"Aloha! Met Tattoorist - Live brengt Tijs Vanneste samen met Tangled Horns zijn roadtrip door Europa naar het podium. Het  project groeide uit de zesdelige Canvas-reeks Tattoorist, waarin  Vanneste als reizende tattoo-artiest en verhalenverzamelaar door Londen,  Parijs, Rome, Amsterdam, Wenen en…",https://www.uitinvlaanderen.be/agenda/e/tijs-vanneste-tangled-horns-tattoorist-live/67745790-f9a1-407f-8e55-18c63fbe8f49
Stadsschouwburg Brugge,2026-10-24,Mercury Rev – Celebrating 25 years of All is Dream - Support: Mick Harvey & Amanda Aceved,dream pop,"Mercury Rev – Celebrating 25 years of All is Dream
In 2001 kwam Mercury Rev met de opvolger van hun debuut ‘Deserter’s Song’. ‘All is Dream’ met onder andere ‘the Dark is Rising’,  is een episch album die een geweldig evenwicht vond tussen grootse filmische klanken en de donkere ingetogenheid van…",https://www.uitinvlaanderen.be/agenda/e/mercury-rev-celebrating-25-years-of-all-is-dream-support-mick-harvey-amanda-aceved/75a1264c-ea76-4bcd-96f9-465048fec9dc
Polyvalente zaal in het tuinpaviljoen van 'De Brug',2026-10-25,Orfeo String Quartet,,"Vier topmuzikanten, één krachtig geluid. Jo Vercruysse (eerste viool), Ann Lafaille (tweede viool), Mattijs Roelen (altviool) en Christoph Bunzendahl (cello) staan samen op het podium. Dankzij hun diepe muzikale connectie en rijke ervaring creëren zij een meeslepende klank. Hun missie? De…",https://www.uitinvlaanderen.be/agenda/e/orfeo-string-quartet/4d46fc7d-ee05-4f52-b1a0-0dfbdee97bd8
Sport Vlaanderen Brugge,2026-10-25,VLAMO vzw | Regio West-Vlaanderen - Prov. Wedstrijd Majo/Twirl 2026,,"Op zondag 25 oktober 2026 organiseren wij de Provinciale Wedstrijd Majo/Twirl! Deelnemers uit West-Vlaanderen brengen er het beste van zichzelf in een dag vol ritme, techniek en uitstraling. Wie weet een felbegeerd ticket te bemachtigen voor de finalewedstrijd van 2027? Kom genieten van…",https://www.uitinvlaanderen.be/agenda/e/vlamo-vzw-regio-west-vlaanderen-prov-wedstrijd-majo-twirl-2026/47324fd1-1871-4d24-aaaa-424217713a39
"Concertgebouw, concertzaal",2026-10-25,"Antwerp Symphony Orchestra & Daniel Lozakovich / Brahms, Korngold & Chin",,Topmusici in hun geliefde repertoire De Eerste symfonie van Brahms wordt ook wel eens ‘Beethovens tiende symfonie’ genoemd. Brahms ervoer tijdens het schrijven dan ook een enorme druk om in de voetsporen van zijn beroemde voorganger te treden. Hij schreef hoe dan ook een bloedmooi en aangrijpend…,https://www.uitinvlaanderen.be/agenda/e/antwerp-symphony-orchestra-daniel-lozakovich-brahms-korngold-chin/3b099f5e-ae73-40be-b748-d62c35d32640
Sint-Michielskerk,2026-10-25,"""Requiem for the Living"" van Dan Forrest",,"EEN MUZIKALE BELEVENIS DIE JE HART RAAKT… Op zondag 25 oktober 2026 om  16.00 uur in de Sint-Michielskerk, Sint-Michiels – Brugge, neemt het koor het Brugs Vocaal Ensemble samen met het Zeeuws Ensemble I Gabbiani, u mee naar een bijzondere wereld van muziek, emotie, troost en hoop. Wij brengen het…",https://www.uitinvlaanderen.be/agenda/e/requiem-for-the-living-van-dan-forrest/f6ffe4ee-6ab2-4d27-aea3-b207bf414b8a
"Concertgebouw, concertzaal",2026-10-29,Dvořák 8,,"Met Allerheiligen en Wapenstilstand is november de maand bij uitstek om stil te staan bij het verleden. Om te gedenken wat nooit had mogen gebeuren, en alle gelukzalige momenten te vieren. Een diep-persoonlijke aangelegenheid, waarvoor geen script of geijkte culturele code bestaat. Vaughan…",https://www.uitinvlaanderen.be/agenda/e/dvo-k-8/05ebadf5-ce5a-455d-842f-f6974537fa6c
"Burg, 8000 Brugge",2026-10-31,Iedereen Piano!,,Iedereen Klassiek in Brugge wordt op 31 oktober ‘Iedereen Piano’ met een Pianomarathon en een Pianobuffet i.s.m. VLAMO.,https://www.uitinvlaanderen.be/agenda/e/iedereen-piano/8a3c33dc-2057-401b-b243-b351dc38c705
MaZ,2026-10-31,The Dead - Live soundtrack: Nick Noel & The Red Rose Rogers,death metal,"Een cultzombie-roadmovie krijgt een nieuwe, live soundtrack van Nick Noel & The Red Rose Rogers, die film en muziek samenbrengen in een intense eenmalige ervaring vol americana, blues en post-apocalyptische sfeer. Tijdens Razor Reel Flanders Film Festival krijgt de cultzombiefilm ‘The Dead’ van…",https://www.uitinvlaanderen.be/agenda/e/the-dead-live-soundtrack-nick-noel-the-red-rose-rogers/2b959ee4-f808-4fd6-9c40-837180371ef5
Congrescentrum Oud Sint-Jan - Brugge,2026-09-08,"Luc Vanlaere - Harp Concert en ""Harp Museum""",,"Luc Vanlaere is uitgegroeid tot een internationaal gewaardeerd artiest vanwege zijn innemende composities , zijn vernieuwende benadering van harpen uit verschillende culturen, en de historische instrumenten die hij bouwt en combineert gedurende zijn eclectisch optreden te Brugge. De toegang is…",https://www.uitinvlaanderen.be/agenda/e/luc-vanlaere-harp-concert-en-harp-museum/d064ea9c-6cfe-4d81-8562-d6e56791682e
"Concertgebouw, concertzaal",2026-11-04,SOV Young / Tchaikovsky. Het zwanenmeer,,"Onstuimige energie in onverwoestbare klassieker Van alle balletcomponisten is de Rus Tchaikovsky wellicht de meest succesvolle. Zijn Zwanenmeer over een prins die verliefd wordt op een jonge vrouw die elke dag weer in een zwaan verandert, spreekt tot ieders verbeelding en moet zowat het beroemdste…",https://www.uitinvlaanderen.be/agenda/e/sov-young-tchaikovsky-het-zwanenmeer/ab560ec3-fdb0-445e-90fa-157afed5fc15
"Concertgebouw, concertzaal",2026-11-04,SOV Young / Tchaikovsky. Het zwanenmeer / 7x7 voorstelling Concertgebouw Brugge,,"Deze voorstelling behoort tot 7x7, het jongerenaanbod van Concertgebouw Brugge. Ben je jonger dan 26? Dan betaal je slechts €7 voor een ticket. Soundcast, het jongerenplatform van Concertgebouw Brugge, selecteerde zeven niet-te-missen voorstellingen voor jou. Een topvoorstelling bijwonen voor…",https://www.uitinvlaanderen.be/agenda/e/sov-young-tchaikovsky-het-zwanenmeer-7x7-voorstelling-concertgebouw-brugge/f8ba57e3-abab-49e0-a697-e64400bc550d
"Concertgebouw, concertzaal",2026-11-04,Het zwanenmeer - Tchaikovsky - door SOV YOUNG,,Het Zwanenmeer over een prins die verliefd wordt op een jonge vrouw die elke dag weer in een zwaan verandert spreekt tot ieders verbeelding en moet zowat het beroemdste werk zijn uit de geschiedenis van het klassieke ballet. Ook zonder de dansuitvoering kunnen we ons via de prachtige muziek de…,https://www.uitinvlaanderen.be/agenda/e/het-zwanenmeer-tchaikovsky-door-sov-young/0254c61a-9671-4df0-a793-5f5e2a0a1270
De Elf,2026-11-06,Relaxatie ligconcert | klankbad bij de Elf in Brugge,,"""Muziek en ritme vinden hun weg tot in de geheime plaatsen van de ziel.""-Plato Tijdens dit concert lig je comfortabel neer op jouw matje met een knus deken over je heen. Allereerst neem ik de tijd om je te laten aankomen via zachte ademhalingsoefeningen en/of meditatie/visualisatie. Dit kan je…",https://www.uitinvlaanderen.be/agenda/e/relaxatie-ligconcert-klankbad-bij-de-elf-in-brugge/abcfd637-f752-4718-9c60-8600f8132c94
MaZ,2026-11-08,Accordeon Festival Brugge 2026,,"WE DOEN HET NOG EENS OPNIEUW in 2026 ! Welkom bij het Accordeon Festival Brugge ! Na een zeer geslaagde editie in 2025, kijken we enorm uit naar de editie van dit jaar. Het belooft een evenement te worden om naar uit te kijken, met gerenomeerde accordeonisten en groepen uit België en…",https://www.uitinvlaanderen.be/agenda/e/accordeon-festival-brugge-2026/9bd96323-c710-4f89-8ac4-00c8e66cfc03
Brugse binnenstad,2026-11-07,Krikrak 2026,,"a. In november 2026 vindt de twaalfde editie van Krikrak plaats in de Brugse binnenstad. Speciaal voor dit gratis kinderkunstenfestival zetten de cultuurhuizen hun deuren wagenwijd open. Kom spelen, kijken naar voorstellingen of deelnemen aan workshops en geniet met het hele gezin.",https://www.uitinvlaanderen.be/agenda/e/krikrak-2026/c92994a2-bc18-44d1-af2c-8972a7b1e321
Concertgebouw,2026-11-10,'60 Years of Pink Floyd' by a Pink Floyd experience,,"Na hun succesvolle debuut tournee  komt de 8-koppige liveband A Pink Floyd Experience met een gloednieuwe show. Met de herkenbare Pink Floyd sound, een spectaculaire lichtshow en meeslepende videoprojecties brengen ze een ode aan hun muzikale helden. Pink Floyd evolueerde tot pioniers van de…",https://www.uitinvlaanderen.be/agenda/e/60-years-of-pink-floyd-by-a-pink-floyd-experience/6ac9f026-3bc4-4ddd-ab38-887bea631571
Concertgebouw,2026-11-11,deCHORALE@theOPERA,,"Na het overdonderende succes van deCHORALE@theMOVIES komt het oratoriumkoor deCHORALE terug met een gloednieuw en groots opgezet project: deCHORALE@theOPERA ! Bereid je voor op een middag waar passie, drama en pure vocale kracht samenkomen in een sprankelende ode aan de operawereld. Samen met het…",https://www.uitinvlaanderen.be/agenda/e/dechorale-theopera/345f0225-16a6-4e48-8201-81f818be6098
MaZ,2026-11-12,BHBM,,"Een nieuw seizoen van Brugotta Café staat voor de deur! Ook dit jaar blijft het een bruisende ontmoetingsplek voor lokaal talent. De foyer van de MaZ blijft de thuisbasis waar we al onze muzikale Brugotta-projecten presenteren, inclusief de sfeervolle Brugotta Cafés op donderdagavond.

Dit seizoen…",https://www.uitinvlaanderen.be/agenda/e/bhbm/b3e372f1-884b-4da5-9379-3755c4433bf1
"Concertgebouw, concertzaal",2026-11-12,"De Allegorie van het Verlangen / Zefiro Torna, Vocalconsort Berlin & Ghalia Benali",,Smeltkroes van schoonheid geïnspireerd door het Bijbelse liefdeslied Samen met Vocalconsort Berlin en de Tunesisch-Belgische zangeres Ghalia Benali brengt het jarige (30!) Zefiro Torna Oost en West opnieuw samen in hun succesproductie De Allegorie van het Verlangen . Vertrekpunt is het…,https://www.uitinvlaanderen.be/agenda/e/de-allegorie-van-het-verlangen-zefiro-torna-vocalconsort-berlin-ghalia-benali/54b057c7-aca8-4a5b-b650-4ef3fbf8e07d
Stadsschouwburg Brugge,2026-11-12,Soweto Gospel Choir - Joy,gospel,"In november verwelkomen we opnieuw Soweto Gospel Choir. Dit topkoor uit Zuid-Afrika werkte samen met grootheden als Beyoncé, Bono en John Legend. Ze traden op voor Obama en Desmond Tutu en wonnen onder meer drie Grammy awards. De warme songs die zowel gospel als Afrikaanse ritmes in zich dragen…",https://www.uitinvlaanderen.be/agenda/e/soweto-gospel-choir-joy/8b0d5c14-c0da-4548-9499-16d5665e0fcc
"Concertgebouw, concertzaal",2026-11-13,"Ictus, Aisha Orazbayeva & Samrattama / 1000 songs of the Kazakh people / Wereldpremière",,Grasduinen in een muzikaal broeinest In 1000 Songs of the Kazakh People ontvouwt de Kazachse violiste en Concertgebouw-Maker Aisha Orazbayeva samen met landgenote Samrattama en Ictus een uniek klankuniversum van Kazachse muziek vanaf het begin van de 19e eeuw tot vandaag. Archiefopnamen van…,https://www.uitinvlaanderen.be/agenda/e/ictus-aisha-orazbayeva-samrattama-1000-songs-of-the-kazakh-people-wereldpremi-re/f2b24d8a-cdee-46c0-b2aa-43f2e50db204
"Concertgebouw, concertzaal",2026-11-14,Orchestre National de Lille & Lawrence Power / Rachmaninov & Miller,,"Krachtige emoties op grote schaal Het Orchestre National de Lille nodigt uit tot een avond waarin kwetsbaarheid en grootsheid elkaar de hand reiken. Rachmaninovs Tweede symfonie – geboren uit twijfel, bekroond met triomf – loopt over van weemoedige melodieën en zinderende hartstocht. Huiver voor…",https://www.uitinvlaanderen.be/agenda/e/orchestre-national-de-lille-lawrence-power-rachmaninov-miller/f262d4bb-ad16-467b-825c-94db0a2153e4
MaZ,2026-11-14,Gummy Green + Domoor + Micromagisch,,"Een energieke en eigenzinnige triple bill waarin hiphop, dromerige elektronica en speelse woordkunst samenkomen.

Gummy Green is een hiphop- en popartiest die zowel rap als fragiele, soulful melodieën brengt voor gevoelige zielen. Met zijn band zorgt hij voor pure energie, echte emoties en gevatte…",https://www.uitinvlaanderen.be/agenda/e/gummy-green-domoor-micromagisch/beebd53c-4e84-421a-8250-711ade6a9073
Koninklijke Stadsschouwburg,2026-11-15,Radio Poupoule - I SOLISTI & Vlaams Radiokoor o.l.v. B. V. Reyn & F. Jordens & M. Cafmeyer,,"Eclectisch muziektheater met Filip Jordens en Maaike Cafmeyer rond Francis ‘Poupoule’ Poulenc In 1943 loste een vliegtuig duizenden kopieën van Liberté, een gedicht van Paul Éluard, over het bezette Frankrijk. Francis Poulenc componeerde hierop clandestien zijn cantate Figure Humaine, een krachtige…",https://www.uitinvlaanderen.be/agenda/e/radio-poupoule-i-solisti-vlaams-radiokoor-o-l-v-b-v-reyn-f-jordens-m-cafmeyer/268a2784-5d45-4426-aa93-589b6980f81d
Stadsschouwburg Brugge,2026-11-18,Roberta - Tutu Puoane zingt Roberta Flack,eurobeat,"Tutu Puoane brengt een ontroerende ode aan Roberta Flack, waarin ze met haar warme stem en soulvolle interpretatie tijdloze songs nieuw leven inblaast.

De afgelopen jaren rijgde Tutu Puoane de awards aan elkaar, zowel in België als in Zuid-Afrika, haar geboorteland. Haar groots talent zet ze in…",https://www.uitinvlaanderen.be/agenda/e/roberta-tutu-puoane-zingt-roberta-flack/5c9fa936-f103-4f58-b631-b23031757d13
"Concertgebouw, concertzaal",2026-11-21,"Ivo Pogorelich / Bach, Beethoven, Brahms & Ravel",piano,"Pianolegende voor het eerst in Brugge Wanneer Ivo Pogorelich het podium betreedt, hangt er geschiedenis in de lucht. Ooit veroorzaakte hij opschudding op het befaamde Chopin-concours, waar zijn ongrijpbare talent zich niet liet vangen in juryregels. Het bleek het begin van een legendarische…",https://www.uitinvlaanderen.be/agenda/e/ivo-pogorelich-bach-beethoven-brahms-ravel/d9389ee8-c568-48d1-ac08-f5c04a50b40c
Stadsschouwburg Brugge,2026-11-22,k'luister - Berlinde Deman,,"In deze k’luister focussen we op een bijzonder instrument. Berlinde Deman, onder andere bekend als vaste tubiste bij Flat Earth Society, schafte zich een tijd geleden een serpent aan. Dit is een zeldzaam instrument uit de middeleeuwen die een innemend melancholisch geluid verklankt. In haar…",https://www.uitinvlaanderen.be/agenda/e/k-luister-berlinde-deman/ca386e41-d483-4cdc-b3cb-b34ef9d365c2
Polyvalente zaal in het tuinpaviljoen van 'De Brug',2026-11-22,"Stan Geudens - Theorbe met muziek van Bach, Marais en Couperin",,"Als een van de 'Twintigers' van 2026 op Klara liet luitist Stan Geudens onlangs nog van zich horen. Met zijn warme, verfijnde klank en oog voor detail brengt hij de Franse, Italiaanse en Engelse barokmuziek tot leven op luit en theorbe. Stan koppelt een fabelachtige techniek aan pure subtiliteit,…",https://www.uitinvlaanderen.be/agenda/e/stan-geudens-theorbe-met-muziek-van-bach-marais-en-couperin/7b74b7a3-ec1f-4f67-8631-ccfc30db8854
Engels Klooster Carmersstraat 83b,2026-11-22,Academia della Speranza en Bram Nolf - Hoboconcerti uit de Barok namiddagconcert,,"Ensemble Academia della Speranza, onder leiding van Piet Lamiroy, brengt een sprankelend namiddagprogramma met barokconcerti van o.a. J.S. Bach, A. Vivaldi en G.F. Händel. Met hoboïst Bram Nolf en aanstormend talent Thomas Vancayseele (12 jaar) als solisten belooft het een virtuoze en expressieve…",https://www.uitinvlaanderen.be/agenda/e/academia-della-speranza-en-bram-nolf-hoboconcerti-uit-de-barok-namiddagconcert/7b5d000f-c482-4613-9104-764f47b66d15
Stadsschouwburg Brugge,2026-11-22,Luka Bloom,singer-songwriter,"In 2018 stond deze befaamde singersongwriter voor het laatst op ons podium. Ondertussen is de wereld veranderd, maar ook Luka Bloom zelf ging door een intense periode. Na zijn zware openhartoperatie besliste hij om nog dankbaarder te zijn, voor het leven en aan de mensen die hem behandelden. Zijn…",https://www.uitinvlaanderen.be/agenda/e/luka-bloom/4e0c7fcc-f34b-4421-89dd-69abe025cb32
Stadsschouwburg Brugge,2026-11-24,Verstaanbaar - Wannes Cappelle,,"Wannes Cappelle fileert zingend, zuchtend en messcherp de chaos van het leven in zijn eerste onemanshow.

Een aaneenschakeling van problemen, dat is het leven van Wannes Cappelle. Maar als problemen hebben volstrekt normaal is, wat is dan eigenlijk het probleem? Meer van dat — en nog heikelere…",https://www.uitinvlaanderen.be/agenda/e/verstaanbaar-wannes-cappelle/4513f238-6651-494d-a9a2-617ab36bc922
"Concertgebouw, concertzaal",2026-11-26,a nocte temporis & Reinoud Van Mechelen / Telemann. Die Tageszeiten,,"Een dag in klanken gevat Maker Reinoud van Mechelen en zijn ensemble laten Telemanns Tageszeiten schitteren in al hun verfijning: stralende klankkleuren, expressieve melodieën en rijke barokke retoriek. In dialoog met zijn Franse tijdgenoot Rameau ontstaat een muzikale schildering door ochtend,…",https://www.uitinvlaanderen.be/agenda/e/a-nocte-temporis-reinoud-van-mechelen-telemann-die-tageszeiten/65996b59-874a-4844-a2ca-fb0aaefe1ccf
"Concertgebouw, concertzaal",2026-11-28,"Brussels Philharmonic, Jazz Orchestra & Vlaams Radiokoor / Simon Steen-Andersen &  Boneh",,"Overweldigend concert met monsterbezetting en iconische beeldopnames In zijn monumentale en ongeëvenaarde TRIO confronteert Simon Steen-Andersen een orkest, koor en bigband met video-opnames geselecteerd uit meer dan 400 uur historisch filmmateriaal. De korte clips – sommige slechts een fractie van…",https://www.uitinvlaanderen.be/agenda/e/brussels-philharmonic-jazz-orchestra-vlaams-radiokoor-simon-steen-andersen-boneh/6a33c429-3fe2-4140-b7ed-cb6e93466df7
"Concertgebouw, concertzaal",2026-11-28,"Brussels Philharmonic, Jazz Orchestra & Vlaams Radiokoor / 7x7 voorstelling Concertgebouw",,"Deze voorstelling behoort tot 7x7, het jongerenaanbod van Concertgebouw Brugge. Ben je jonger dan 26? Dan betaal je slechts €7 voor een ticket. Soundcast, het jongerenplatform van Concertgebouw Brugge, selecteerde zeven niet-te-missen voorstellingen voor jou. Een topvoorstelling bijwonen voor…",https://www.uitinvlaanderen.be/agenda/e/brussels-philharmonic-jazz-orchestra-vlaams-radiokoor-7x7-voorstelling-concertgebouw/942689e2-007f-4fcf-ac33-ceb85b350ac8
Concertgebouw - Kamermuziekzaal,2026-11-29,Tuimelaar / Frisse oren,,"Baby’s en peuters ontdekken muziek al buitelend Tuimelaar is een muzikale ode aan de zwaartekracht: rollen, buitelen, kieperen en weer rechtveren. De muziek van de Taiwanese percussioniste Yung-Tuan Ku begeleidt de allerkleinsten in een ontdekkingstocht doorheen een zachte, geborgen omgeving. Samen…",https://www.uitinvlaanderen.be/agenda/e/tuimelaar-frisse-oren/136ca771-e47b-4093-b0f7-c0ac56562b5a
Stadsschouwburg Brugge,2026-11-29,Super Seventies - Steven Van Havere & Metronoom,,"Deze muzikale trip door de seventies brengt de explosieve soundtrack van een legendarisch decennium opnieuw tot leven.

In de seventies schudden enkele muzikale aardverschuivingen de popwereld flink door elkaar. Supertramp injecteerde virtuositeit in de rock, Bowie excelleerde in Berlijn en groepen…",https://www.uitinvlaanderen.be/agenda/e/super-seventies-steven-van-havere-metronoom/810307f6-4ad7-499b-9434-90cb197a260f
KORF,2026-09-08,Fresh Meat Comedy Open Mic,,"Elke tweede dinsdag van de maand kan je in Korf terecht voor hilariteit dankzij 'Fresh Meat Comedy' Op de Fresh Meat Comedy Open Mics krijgen 8 deelnemers elk 8 minuten om het publiek te veroveren, nieuwe grenzen te doorbreken, of in stilte ten onder gaan... Soms zie je de geboorte van iets…",https://www.uitinvlaanderen.be/agenda/e/fresh-meat-comedy-open-mic/de324175-ebd0-4993-9840-420b76cbb508
Cactus Muziekcentrum,2026-10-07,Ploegendienst + GRGY,dutch,"Onder leiding van frontman Ray Fuego (SMIB) staat het Amsterdamse Ploegendienst te boek als de Best Band van Nederland. Noem het hardcore, noem het punk, noem het ‘venijnige popmuziek. Noem het wat je wilt, het maakt niet uit. Ploegendienst is even rücksichtsloos als real. Met Ray als...",https://www.cactusmusic.be/NL/Concerten/Kalender/ploegendienst
Snuffel Hostel,2026-10-21,Inner Marshland,,"Bruges three piece Inner Marshland releases its debut album ‘Tales from the Marshland’ at Snuffel Hostel for a doomy celebration with the home crowd. Something slow and heavy this way comes.Inner Marshland is:Timothy Verlinde (guitar)Hilke Lamot (bass, vocals)Arno De Groote (drums)",https://snuffel.be/events/inner-marshland/
Snuffel Hostel,2026-12-04,Apsurt,,"Apsurt is een jonge, energieke coverband uit Oostkamp die met een mix van rock, pop en indie elk podium op z’n kop zet. Wat begon als een groep vrienden met een passie voor muziek, groeide al snel uit tot een hechte band die bekendstaat om hun strakke covers, aanstekelijke enthousiasme en pure…",https://snuffel.be/events/apsurt/
KORF,2026-12-04,Concert - Low Energie,rallye label,"Korf: warme bar, open podium. In Korf laten we graag stemmen klinken, snaren trillen en verhalen tot leven komen. Elke artiest, muzikant of performer met kriebels in de vingers krijgt bij ons een plek om te schitteren. ‘Low Energie’ Is een jonge Brugse rockband vol karakter, met leden tussen de 16…",https://www.uitinvlaanderen.be/agenda/e/concert-low-energie/8722ea97-ff00-49fc-bf79-505ca83d94b5
Cactus Muziekcentrum,2026-10-24,Teenage Fanclub + Euros Childs,power pop,"De term ‘legendarisch’ wordt vaak gebruikt. Maar als hij op één band van toepassing is, dan wel op Teenage Fanclub. Sinds hun doorbraakalbum Bandwagonesque uit 1991 rijdt de band uit Glasgow niet alleen een feilloos parcours, ze inspireerde ook talloze pop- en...",https://www.cactusmusic.be/NL/Concerten/Kalender/teenage-fanclub
De Elf,2026-10-09,Relaxatie ligconcert | klankbad bij de Elf in Brugge,,"""Muziek en ritme vinden hun weg tot in de geheime plaatsen van de ziel.""-Plato Tijdens dit concert lig je comfortabel neer op jouw matje met een knus deken over je heen. Allereerst neem ik de tijd om je te laten aankomen via zachte ademhalingsoefeningen en/of meditatie/visualisatie. Dit kan je…",https://www.uitinvlaanderen.be/agenda/e/relaxatie-ligconcert-klankbad-bij-de-elf-in-brugge/315eb967-5e98-475b-a903-896f4667ed04
Magdalenazaal Cultuurcentrum Brugge,2026-10-24,Speelschaar S.F.X. at the Movies,,"Speelschaar S.F.X. at the Movies Het is een jaarlijkse traditie dat de Koninklijke Speelschaar S.F.X. Brugge het werkjaar afsluit met een concert. Dit jaar gooien we het over een andere boeg! Zin in een avondje filmmagie? Geen klassiek Herfstconcert, maar wel een Themaconcert: Speelschaar S.F.X. at…",https://www.uitinvlaanderen.be/agenda/e/speelschaar-s-f-x-at-the-movies/b1457713-c02c-4b07-aaf5-e37fc50e395f
Cactus Muziekcentrum,2026-11-01,Flawed Mangoes,math rock,"De in Boston gebaseerde producer, songwriter en multi-instrumentalist Flawed Mangoes (Evan lo) bereikte in 2023 een wereldwijd publiek met zijn ‘Killswitch Lullaby’. De track, bestaande uit nostalgische, hazy en atmosferische gitaarloops, ging viraal op TikTok, waar het de sound werd...",https://www.cactusmusic.be/NL/Concerten/Kalender/flawed-mangoes
Cactus Muziekcentrum,2026-12-07,The Tubs,jangle pop,"De Welshe verhalenvertellers van The Tubs vermengen indierock en catchy janglepop met traditionele Britse folk en collegerockbands uit de jaren ’80, zoals R.E.M., Hüsker Dü. De bijzondere vocals van Owen Williams worden vaak vergeleken met die van Richard Thompson. De band herrees...",https://www.cactusmusic.be/NL/Concerten/Kalender/the-tubs
"Concertgebouw, concertzaal",2026-09-18,"Anima Eterna Brugge & Wataru Hisasue / Bartók. Muziek voor snaren, slagwerk en celesta",,Centraal-Europese landschappen op historische instrumenten Sterpianist Wataru Hisasue en huisorkest Anima Eterna serveren meesterwerken die het muzikale landschap van Centraal-Europa in de 19e en 20e eeuw kleurden. De melodieën van Dvořáks Cypressen doen dromen van groene bossen. Janáček en Bartók…,https://www.uitinvlaanderen.be/agenda/e/anima-eterna-brugge-wataru-hisasue-bart-k-muziek-voor-snaren-slagwerk-en-celesta/ca7cea01-5037-4d59-9ffa-d1c5028773c2
Stadsschouwburg Brugge,2026-10-07,"Starsailor met 9 strijkers van orkest Kamerata Zuid - Love is here, 25th anniversary tour",,"Een melancholische terugkeer van Starsailor met hun breekbare songs, gedragen door strijkers en de herkenbare stem van James Walsh in een intens live-universum vol tijdloze hits.

In het begin van dit millennium verrees Starsailor uit de assen van de Britpop. De labels rolden over elkaar om als…",https://www.uitinvlaanderen.be/agenda/e/starsailor-met-9-strijkers-van-orkest-kamerata-zuid-love-is-here-25th-anniversary-tour/5d2ace24-acc8-4da3-a97a-b0331579139c
O.L.V.-kerk Museum,2026-10-18,Concert  Lux Aeterna,,"Requiem voor muzikaal ensemble, solo en  groot vierstemmig koor. Geschreven door Brugs Componist: Sebastiaan Inghelbrecht. Ook nog werken van Bruckner, Vivaldi, Mozart, Bach en Rutter.",https://www.uitinvlaanderen.be/agenda/e/concert-lux-aeterna/305b38e4-cd35-4e5d-9354-fdf0bcb52be1
De Kelk,2026-10-02,Bunch Of Maniacs + Imaginary Dreamers + Minding Dolls live in De Kelk Brugge,,"We starten ons najaar direct met een lekker trio, zonder naar Acanthus te moeten gaan! Bunch of Maniacs (BE), bestaande uit leden van oa (ex)Welvaart, Beuk, Wasted 24/7 en Strikeusder, ze brengen met veel geweld hun donkere en duistere sound met veel gitaarwerk, op vrijdag 2 oktober, ten huize De…",https://www.uitinvlaanderen.be/agenda/e/bunch-of-maniacs-imaginary-dreamers-minding-dolls-live-in-de-kelk-brugge/bf4dab65-af78-4d88-a5f5-1af75f0bf184
De Kelk,2026-10-24,Tijs Vanneste & Tangled Horns brengen Tattoorist live in De Kelk Brugge,,"Met Tattoorist - Live brengt Tijs Vanneste samen met Tangled Horns zijn roadtrip door Europa naar het podium. Het project groeide uit de zesdelige Canvas-reeks Tattoorist, waarin Vanneste als reizende tattoo-artiest en verhalenverzamelaar door Londen, Parijs, Rome, Amsterdam, Wenen en Berlijn trok…",https://www.uitinvlaanderen.be/agenda/e/tijs-vanneste-tangled-horns-brengen-tattoorist-live-in-de-kelk-brugge/1e75b8c3-d0da-4bb7-924e-f8ef0be7557a
Izzy JazzClub,2026-09-18,Vanessa Matthys Quartet,,,https://www.izzyjazzclub.com/tickets.html
Izzy JazzClub,2026-10-09,Guy Salamon Quintet,,,https://www.izzyjazzclub.com/tickets.html
Izzy JazzClub,2026-10-23,Wonderyears,,,https://www.izzyjazzclub.com/tickets.html
Izzy JazzClub,2026-11-06,KG’s Basement Brew,,,https://www.izzyjazzclub.com/tickets.html
Izzy JazzClub,2026-12-04,Too Noisy Fish,jazz,,https://www.izzyjazzclub.com/tickets.html
Cactus Muziekcentrum,2026-09-26,Midnight Request Line,,"MIDNIGHT REQUEST LINE hosted by OTRCHalverwege de nillies kleurden de diepe subbassen, uitgebeende ritmes en pulserende wobbles van dubsteppioniers als Skream, Benga, Mala en Loefah de dansvloer asgrijs. Vanuit Londen landde dubstep ook in Brugge, waar de Clubsteppin’ reeks van Cactus de...",https://www.cactusmusic.be/NL/Concerten/Kalender/Midnight_Request_Line
Cactus Muziekcentrum,2026-10-29,Zap Mama & K.ZIA + TROY,,"Met 'Heritage é Motion' brengen de legendarische Zap Mama (Marie Daulne) en de aanstormende K.ZIA (Kezia Quental) een bijzonder project naar Cactus Club! Deze samenwerking markeert een muzikaal kruispunt tussen twee generaties, twee visies en een onbreekbare familieband.
Het optreden is meer...",https://www.cactusmusic.be/NL/Concerten/Kalender/zap-mama-kzia
Cactus Muziekcentrum,2026-11-25,Patches + Amaea Rae,pop,"Patches is Lotte Lauwers, een Belgische artieste met Brugse roots die art pop mengt met zwoele vocalen en filmische spanning. Denk aan de rauwe intensiteit van PJ Harvey, maar gehuld in een dromerige mist van melancholie, onschuld en sensualiteit à la Lana Del Rey. Haar unieke, fluisterende...",https://www.cactusmusic.be/NL/Concerten/Kalender/patches
"Concertgebouw, concertzaal",2026-09-18,"Anima Eterna Brugge, Jan Söderblom & Wataru Hisasue / Bartók",,Centraal-Europese landschappen op historische instrumenten Sterpianist Wataru Hisasue en huisorkest Anima Eterna serveren meesterwerken die het muzikale landschap van Centraal-Europa in de 19e en 20e eeuw kleurden. De melodieën van Dvořáks Cypressen doen dromen van groene bossen. Janáček en Bartók…,https://www.uitinvlaanderen.be/agenda/e/anima-eterna-brugge-jan-s-derblom-wataru-hisasue-bart-k/ca7cea01-5037-4d59-9ffa-d1c5028773c2
Cactus Muziekcentrum,2026-12-13,DUYSTER. festival - Sophia + Jake Xerxes Fussell + Camille Camille + more tba,,Vorig jaar sloten DUYSTER. en Cactus samen het 25e levensjaar van het legendarische radioprogramma af met een door Ayco en Eppo gecureerd festival in Cactus Club. Een uitverkochte editie vol mooie mensen en stuk voor stuk prachtige concerten deed besluiten: het zou jammer zijn om het bij...,https://www.cactusmusic.be/NL/Concerten/Kalender/duyster-festival
KAAP,2026-12-11,W.E.R.F. records invites Ola Tunji x Mother Tongue,,W.E.R.F. records invites Ola Tunji x Mother Tongue,https://www.kaap.be/toont/werf-records-invites-ola-tunji-x-mother-tongue
Snuffel Hostel,2026-12-11,Wholes & Blisters,,"WHOLES⸻⸻⸻⸻⸻WHOLES is het geluid van onrust, van gedachten die zich onophoudelijk, oorverdovendopstapelen. Geraas en gedonder, het kraken van beenderen.Leden van Elefant, Pink Room, Hypochristmutreefuzz en kolektiv vinden elkaar ergenstussen Housewives, David Sylvian, Devo en Gilla band.…",https://snuffel.be/events/wholes-blisters/
Snuffel Hostel,2026-12-12,Sekushi,Surf,"Sekushi is een rauwe, zweterige en psychedelische dansmachine. Denk: Khruangbin op speed of Altin Gün met ADHD.   De voorbije jaren ging het snel voor Sekushi: hun eerste dubbel-EP was in een mum van tijd uitverkocht en live veroverde de band overal harten, heupen en zweetklieren met hun…",https://snuffel.be/events/sekushi/
Ryelandtzaal,2026-12-13,Kerst-belevingsconcert,,We brengen Kerstliederen van over de hele wereld. Een concert om mensen te verbinden via muziek. Kom luisteren en meezingen en genieten van warme wijn achteraf.,https://www.uitinvlaanderen.be/agenda/e/kerst-belevingsconcert/4ce548de-5612-4f01-873c-29afdfb39980
Concertgebouw,2026-12-14,Natalia - The Christmas Experience,pop,"Power queen Natalia zet elk podium in vuur en vlam, maar dit najaar doet ze dat met kerstlichtjes. Gekend om haar krachtige stem, energieke shows en ongeëvenaarde live-performances, zet de Kempense nachtegaal met zichtbaar plezier haar tanden in een fonkelnieuw muzikaal avontuur. Onder de noemer…",https://www.uitinvlaanderen.be/agenda/e/natalia-the-christmas-experience/4ab42aa9-5b76-402b-b9f1-db24ab755de7
Cactus Muziekcentrum,2026-12-13,DUYSTER. festival - Sophia + This Is The Kit + Jake Xerxes Fussell + Will Samson + Roomer + Camille Camille,,Vorig jaar sloten DUYSTER. en Cactus samen het 25e levensjaar van het legendarische radioprogramma af met een door Ayco en Eppo gecureerd festival in Cactus Club. Een uitverkochte editie vol mooie mensen en stuk voor stuk prachtige concerten deed besluiten: het zou jammer zijn om het bij...,https://www.cactusmusic.be/NL/Concerten/Kalender/duyster-festival
Madeleine in Brugge (H. Magdalenakerk),2026-09-19,Tajali Trio Mystical Soundjourney/Ligconcert Magdalenakerk Brugge,,Into the Mystery – A Live world music SoundJourney Op 19 juni nemen we jullie mee op een nieuwe mystieke reis van klank en trilling. Tajali Trio: drie belichaamde en ervaren muzikanten die hun krachten bundelen tot een ware streling voor je ziel. Wat zij samen creëren komt binnen als een mystieke…,https://www.uitinvlaanderen.be/agenda/e/tajali-trio-mystical-soundjourney-ligconcert-magdalenakerk-brugge/08707a14-512b-452e-b27c-0b6a730da854
Stadsschouwburg Brugge,2026-09-25,Carmina Burana door candlelight,,"Een intieme, koorgerichte explosie van noodlot, hartstocht en middeleeuwse poëzie — in de fantastisch sfeervolle Koninklijke Stadsschouwburg in het hart van Brugge, op 25 september om 20.00 uur. Voel het vuur van het lot en de polsslag van het menselijke verlangen in deze kamerversie van Carmina…",https://www.uitinvlaanderen.be/agenda/e/carmina-burana-door-candlelight/86e64e65-855d-48b4-abef-892c4bd55b47
Rode Kruisopvangcentrum Brugge,2026-10-03,Tomas Casella,,"Op de eerste zaterdag van AMOK opent het Rode Kruis opvangcentrum Brugge zijn deuren voor een bijzondere ochtend van ontmoeting en muziek. 10:00 Rondleiding (vrijblijvend) Wie dat wenst, kan voorafgaand aan het concert deelnemen aan een rondleiding door het opvangcentrum. U krijgt een unieke inkijk…",https://www.uitinvlaanderen.be/agenda/e/tomas-casella/10dded31-4e5d-452e-97df-ccf2132afa88
Orgelzaal Muziekconservatorium Brugge,2026-10-03,"Podium voor de Passie - Emmarilin, Ierse folk - gratis concert",,"Emmarilin (Emma Coopman) brengt een sfeervol programma rond Ierse gedichten die ze zelf op muziek heeft gezet. Met zang, Keltische harp en diatonische accordeon neem Emmarilin je mee in een warme folkklank, afgewisseld met instrumentale stukken. Een beleving die zowel uitnodigt tot luisteren als…",https://www.uitinvlaanderen.be/agenda/e/podium-voor-de-passie-emmarilin-ierse-folk-gratis-concert/9e54d501-570a-4410-8266-762b2a5e5158
Stadspaleis Hof Bladelin,2026-10-11,HARMONISCHE FREUDE — Dorothée Mields & Hathor Consort,,"Wat is de waarde van dialoog — muzikaal, filosofisch en maatschappelijk? HARMONISCHE FREUDE beleven we samen op 11 oktober… maar kan harmonie ontstaan ZONDER DISCOURS? Een unieke belevenis waarbij muziek, ontmoeting en reflectie elkaar versterken — met een feestelijk slotakkoord! 17u15 — CONCERT:…",https://www.uitinvlaanderen.be/agenda/e/harmonische-freude-doroth-e-mields-hathor-consort/392c4579-b5ec-462c-aa8e-ee9f330e8401
Sint-Jakobskerk,2026-10-16,Vox Luminis Schütz. / Schwanengesang,,"De laatste woorden van een barokke grootmeesterEen magistraal muzikaal testament, waarin de componist op 86-jarige leeftijd zijn hele levenservaring samenvat. Dat is Heinrich Schütz’ Schwanengesang. Geen theatrale effecten, maar pure expressie en een zeldzame combinatie van innerlijke rust en…",https://www.uitinvlaanderen.be/agenda/e/vox-luminis-sch-tz-schwanengesang/a2f5fc54-dd20-461b-b978-c7f7c7e321c5
't Veldzicht vzw atelier SMAK,2026-10-20,voorleesverhaal en trooststeentjes maken,,Tijdens het knooppuntenfestival komt een vrijwilliger van de bib een verhaal voorlezen. We staan stil bij het thema rouw en verlies. Na het verhaal maken we samen trooststeentjes. Wie een trooststeentje maakt mag het zelf houden of schenken aan iemand die wat troost kan gebruiken.,https://www.uitinvlaanderen.be/agenda/e/voorleesverhaal-en-trooststeentjes-maken/b012d3ac-0392-4605-9eb0-fab6c507ffc4
Het Pannenhuis,2026-10-23,Mótha,,Met de hulp van loopmachines en geluidsprocessors creëren Thomas Hoste (draailier) en Maarten Marchau (houten fluiten) soundscapes die Evelien Alexiou (dans) in beweging brengen. Ze vloeien samen in pure improvisatie. Voor dit uniek project vonden we een unieke locatie: het voormalig hotel…,https://www.uitinvlaanderen.be/agenda/e/m-tha/970cb36d-daa3-4882-adf2-bd7907da9229
Sport Vlaanderen,2026-10-25,VLAMO vzw | Regio West-Vlaanderen - Prov. Wedstrijd Majo/Twirl 2026,,"Op zondag 25 oktober 2026 organiseren wij de Provinciale Wedstrijd Majo/Twirl! Deelnemers uit West-Vlaanderen brengen er het beste van zichzelf in een dag vol ritme, techniek en uitstraling. Wie weet een felbegeerd ticket te bemachtigen voor de finalewedstrijd van 2027? Kom genieten van…",https://www.uitinvlaanderen.be/agenda/e/vlamo-vzw-regio-west-vlaanderen-prov-wedstrijd-majo-twirl-2026/47324fd1-1871-4d24-aaaa-424217713a39
Exporuimte Burg,2026-10-31,Iedereen Piano!,,Iedereen Klassiek in Brugge wordt op 31 oktober ‘Iedereen Piano’ met een Pianomarathon en een Pianobuffet i.s.m. VLAMO.,https://www.uitinvlaanderen.be/agenda/e/iedereen-piano/8a3c33dc-2057-401b-b243-b351dc38c705
Congrescentrum Oud Sint-Jan - Brugge,2026-10-06,"Luc Vanlaere - Harp Concert en ""Harp Museum""",,"Luc Vanlaere is uitgegroeid tot een internationaal gewaardeerd artiest vanwege zijn innemende composities , zijn vernieuwende benadering van harpen uit verschillende culturen, en de historische instrumenten die hij bouwt en combineert gedurende zijn eclectisch optreden te Brugge. De toegang is…",https://www.uitinvlaanderen.be/agenda/e/luc-vanlaere-harp-concert-en-harp-museum/941ef6d7-3a06-487c-8533-7001300f4f2c
De Kelk,2026-11-06,St. James (is back!) LIVE,,"ST.JAMES IS BACK! Ooit veroverden ze Vlaanderen als absolute pioniers van de bluesrock. Ze deelden de affiche met giganten als AC/DC, verzorgden het voorprogramma van Van Halen, Jess Roden, Herman Brood en Gruppo Sportivo, en palmden de podia in van legendarische festivals zoals Jazz Bilzen,…",https://www.uitinvlaanderen.be/agenda/e/st-james-is-back-live/32997c52-e397-45f9-92b0-44b4ec475f0b
Orgelzaal Muziekconservatorium Brugge,2026-11-07,Podium voor de Passie - Easy listening songs door 'Springtime' - gratis concert,,"Covers uit de genres soul, blues, jazz en singer-songwriter, door de band 'Springtime'. Gratis benefietconcert, geen reservatie. Vrije bijdrage ten voordele van VZW Open Balie.",https://www.uitinvlaanderen.be/agenda/e/podium-voor-de-passie-easy-listening-songs-door-springtime-gratis-concert/4e7710cb-2ac8-4f93-aa18-2fcfc702d76e
Stadsschouwburg Brugge,2026-11-15,Radio Poupoule - I SOLISTI & Vlaams Radiokoor o.l.v. B. V. Reyn & F. Jordens & M. Cafmeyer,,"Eclectisch muziektheater met Filip Jordens en Maaike Cafmeyer rond Francis ‘Poupoule’ Poulenc In 1943 loste een vliegtuig duizenden kopieën van Liberté, een gedicht van Paul Éluard, over het bezette Frankrijk. Francis Poulenc componeerde hierop clandestien zijn cantate Figure Humaine, een krachtige…",https://www.uitinvlaanderen.be/agenda/e/radio-poupoule-i-solisti-vlaams-radiokoor-o-l-v-b-v-reyn-f-jordens-m-cafmeyer/268a2784-5d45-4426-aa93-589b6980f81d
Cinema Lumière Brugge,2026-11-17,Docfest 2026,,"Wie ben ik? Een simpele vraag, met allesbehalve een simpel antwoord. Want wie je bent, ligt nooit helemaal vast. Je groeit en verandert voortdurend, net als de wereld rond ons. Van 17 tot 22 november duikt Docfest met een nieuwe reeks straffe documentaires in het thema identiteit. Je ontmoet een…",https://www.uitinvlaanderen.be/agenda/e/docfest-2026/9c665500-8ea9-440d-ae6a-29597dfb97ae
Stadsschouwburg Brugge,2026-12-15,Ladysmith Black Mambazo,african,"Topzangers van verschillende generaties zullen je hart verwarmen met hun iconische a capella harmonieën, energieke danspassen en Zuid-Afrikaanse roots.

Ladysmith Black Mambazo kreeg wereldwijde aandacht na de samenwerking met Paul Simon op het album ‘Graceland’. Hun a-capellazangstijl is…",https://www.uitinvlaanderen.be/agenda/e/ladysmith-black-mambazo/aa35a315-7484-4277-8508-29268161e434
MaZ,2026-12-16,Kosmo Sound + Omar Dahl,Belgium,"Kosmo Sound en Omar Dahl brengen een dansbare mix van elektronische muziek, dub en jazz, met invloeden uit de Arabische wereld en de Balkan.

Omar Dahl brengt een mix van elektronische muziek, aangevuld met live synths, blaas- en snaarinstrumenten. Zo combineren ze dansbare beats met zwoele…",https://www.uitinvlaanderen.be/agenda/e/kosmo-sound-omar-dahl/55e83f0f-6a87-4696-9385-b04b6c6efda4
Cactus Muziekcentrum,2026-11-05,Portland + Rosie Stuart (duo),synthpop,"In zeven jaar tijd is Portland een van de populairste indie-acts in België geworden. De band van en rond frontman Jente Pironet maakte furore met gevoelige, dromerige songs, die ze live optillen tot momenten van roezige euforie.
Portland brak in 2018 door als winnaar van De Nieuwe Lichting....",https://www.cactusmusic.be/NL/Concerten/Kalender/portland-rosie-stuart
Snuffel Hostel,2026-10-14,Velvet Jesus – Luminous Fest,,"Hallelujah! Velvet Jesus is een band die muziek ademt. En dat doen ze met een voorliefde voor uitgekiende sounds, vintage instrumenten en welgeplaatste samples. Amen. Parallel Lives, het 2de studio album van de band, werd opgenomen bij en geproduced door Koen Gisen (Douglas Firs, Bony King, An…",https://snuffel.be/events/velvet-jesus-luminous-fest/
Brouwerij De Halve Maan,2026-09-18,Vanessa Matthys quartet @Izzyjazz Club Brugge,,"Vanessa Matthys Quartet Vanessa Matthys is een van de meest charismatische stemmen binnen de Belgische jazz. Samen met Dominique Vantomme (piano), Christophe 			Devisscher (contrabas) en Geert Roelofs (drums) brengt ze haar kwartet naar Brugge. Met hun nieuwe album The Secret Vault schakelen ze…",https://www.uitinvlaanderen.be/agenda/e/vanessa-matthys-quartet-izzyjazz-club-brugge/e51943ba-f9e3-4bb7-be96-e3a21711751f
De Kelk,2026-09-19,Friday After Hours hiphop party,,"Na twee geslaagde edities schakelen we eentje hoger. Met trots verwelkomen we Blade (UK), een naam die binnen de underground hiphopscene al decennialang respect afdwingt. Een Britse pionier die zelden in België te zien is, en die op 18 september exclusief afzakt naar Brugge voor een showcase…",https://www.uitinvlaanderen.be/agenda/e/friday-after-hours-hiphop-party/3abbf622-81be-4423-a9d7-1c7b88bfda47
MaZ,2026-12-17,Manoe Music,,"""Mijn naam is Manoe, als geboren en getogen Brugse begon mijn verhaal in 2022 op het podium van Brugotta Café. Nu keer ik terug met mijn gitaristen Ferre en Renaat om ons debuut opnieuw te beleven! We nemen jullie graag mee in ons vernieuwd repertoire tijdens een warm, intiem concert om er opnieuw…",https://www.uitinvlaanderen.be/agenda/e/manoe-music/e662895e-e50a-49df-a09c-4a4921deb80d
"Concertgebouw, concertzaal",2026-12-18,Le Concert de l’Hostel Dieu & Choeur de Chambre de Namur / Bach & Pergolesi,,"Feestelijke muziek als hoop op betere tijden Bachs Missae breves uit de jaren 1730 blijven gehuld in mysterie: voor wie de voor welke gelegenheid componeerde hij deze feestelijke 'Latijnse' missen die zonder twijfel leentjebuur gespeeld bij zijn kerstcantates? Pergolesi's Romeinse mis, geschreven…",https://www.uitinvlaanderen.be/agenda/e/le-concert-de-l-hostel-dieu-choeur-de-chambre-de-namur-bach-pergolesi/6ae6a40d-743d-4d7d-bc49-8826b2ca56dc
Concertgebouw,2026-12-18,Bach & Pergolesi : Feestelijke muziek als hoop op betere tijden,,"Le Concert de l’Hostel Dieu & Choeur de Chambre de Namur spelen voor dit eindejaar 2026. Voor welke gelegenheid componeerde Bach zijn feestelijke Latijnse missen uit de jaren 1730? Ze blijven in mysterie gehuld. Samen met de werken van Locatelli en Pergolesi is dit een uitgelezen concert, geschikt…",https://www.uitinvlaanderen.be/agenda/e/bach-pergolesi-feestelijke-muziek-als-hoop-op-betere-tijden/586c4c5d-205a-4d56-8b6c-80519f016054
Cactus Muziekcentrum,2026-09-24,Fischer-Z + Chloe Leigh,new wave,"In 2026 bestaat de iconische Britse band Fischer-Z exact 50 jaar, en dat wordt gevierd met een bijzondere jubileumtournee door Europa en de rest van de wereld. De legendarische band rond John Watts, die z’n naam te danken heeft aan een term uit de statistiek, ontstond eind jaren ’70....",https://www.cactusmusic.be/NL/Concerten/Kalender/fischer-z
Snuffel Hostel,2026-12-19,Matthijs Verstegen,,"Al meer dan de helft van zijn leven schrijft Matthijs Verstegen muziek voor (kort) films, reclame, andere artiesten en bands. Met al die ervaring op zak, werd het tijd om onder eigen naam de sprong in het diepe te wagen en muziek voor zichzelf te maken. Met vermoeide snaren, ongepolijste stem maar…",https://snuffel.be/events/matthijs-verstegen/
Heilig Hart en Sint-Philippuskerk Steenbrugge,2026-11-15,herfstconcert met Thomas Langlois op theorbe en andere luiten,,"Thomas Langlois is een luit- en theorbespeler gebaseerd in Gent, België. Van 2023 tot 2025 voltooide Thomas zijn studie aan de prestigieuze Schola Cantorum Baseliensis in Zwitserland. Hij studeerde er barokluit en barokgitaar bij Peter Croton en basso continuo bij Julian Behr. Aan het einde van…",https://www.uitinvlaanderen.be/agenda/e/herfstconcert-met-thomas-langlois-op-theorbe-en-andere-luiten/60d5913d-d48e-4822-ba0c-8c2cd5777cdc
Stadsschouwburg Brugge,2026-12-19,Hideaway XXL - 40-jarig jubileum met special guests,,"De Brugse bluesband viert 40 jaar op de planken met een uitgebreid jubileumconcert, versterkt met blazers, backing vocals en een reeks gastmuzikanten. Hideaway, de Vlaamse bluesband met Brugse roots, bestaat 40 jaar. Dat moet gevierd worden! Wat begon met een repetitie in 1986, groeide uit tot een…",https://www.uitinvlaanderen.be/agenda/e/hideaway-xxl-40-jarig-jubileum-met-special-guests/8928aab3-0007-4971-a0a0-86b5a808df9c
Begijnhofkerk,2026-12-20,Kerstmatinee,,Op zondag 20 december om 12 uur brengt het Vocaal Ensemble De Wijngaard hun traditionele kerstmatinee in de Brugse Begijnhofkerk. Stemmige kerstliederen worden afgewisseld door instrumentale intermezzi. Vocaal ensemble ‘De Wijngaard’ is een Brugs projectkoor dat werd opgericht door Ignace Michiels.…,https://www.uitinvlaanderen.be/agenda/e/kerstmatinee/7f59d569-160e-4cb5-8209-26ad11f55814
Stadsschouwburg Brugge,2026-12-20,"Swingin' Christmas - Esther Hart, Michael Varekamp &The Legends",,"Een sfeervol kerstconcert met een nostalgische mix van swing en jazzklassiekers uit de jaren ’30 en ’40.

Michael Varekamp, stuwende kracht achter The Legends, lijkt rechtstreeks uit het Parijs van de swingende jaren 30 te komen. Artiesten als Édith Piaf, Josephine Baker, Louis Armstrong, Frank…",https://www.uitinvlaanderen.be/agenda/e/swingin-christmas-esther-hart-michael-varekamp-the-legends/2b531c23-5885-4adb-a345-b9aedcd190ea
Begijnhofkerk,2026-12-20,Kerstconcert,,Op zondag 20 december om 16 uur brengt het Vocaal Ensemble De Wijngaard hun traditionele kerstconcert in de Brugse Begijnhofkerk. Stemmige kerstliederen worden afgewisseld door instrumentale intermezzi. Vocaal ensemble ‘De Wijngaard’ is een Brugs projectkoor dat werd opgericht door Ignace Michiels.…,https://www.uitinvlaanderen.be/agenda/e/kerstconcert/4692548c-a167-4f1c-99ce-90a23f51d777
Cactus Muziekcentrum,2026-10-15,High Hi + uwase,indie rock,"We gaan kleur bekennen: sinds hun hit ‘Daggers’ is High Hi ons favoriete Belgisch indiepop snoepje. De Antwerpse band, bestaande uit Anne-Sophie Ooghe (zang, gitaar), Dieter Beerten (zang, drums) en Koen Weverbergh (bas), weet als geen ander experiment en scherpe popgevoeligheid te...",https://www.cactusmusic.be/NL/Concerten/Kalender/high-hi
De Kelk,2026-10-02,Bunch Of Maniacs + Imaginary Dreamers live in De Kelk Brugge,,"We starten ons najaar direct met een lekker trio, zonder naar Acanthus te moeten gaan! Bunch of Maniacs (BE), bestaande uit leden van oa (ex)Welvaart, Beuk, Wasted 24/7 en Strikeusder, ze brengen met veel geweld hun donkere en duistere sound met veel gitaarwerk, op vrijdag 2 oktober, ten huize De…",https://www.uitinvlaanderen.be/agenda/e/bunch-of-maniacs-imaginary-dreamers-live-in-de-kelk-brugge/bf4dab65-af78-4d88-a5f5-1af75f0bf184
KORF,2026-10-16,Concert - Touch & The Sky,Progressive rock,"Deze vrijdag verwelkomen we op ons podium als hoofdact Touch & The Sky , een Brugse band met internationale roots. Voor de gelegenheid brengen ze een set van tien nummers waarin improvisatie, groove en verschillende muziekstijlen elkaar ontmoeten. Als voorprogramma nodigen ze Haksi Taksi uit.…",https://www.uitinvlaanderen.be/agenda/e/concert-touch-the-sky/603411f0-8294-4db7-aaab-d3e9ac2683d2
Joseph Ryelandtzaal,2026-10-17,It is our light,,"Langzaam maar zeker wordt de prachtzomer van 2026 een fijne herinnering.  Haast onmerkbaar glijden we richting grijzer en ontstuimiger weer, het vallen van het blad en de donkere dagen.  Met Cantores avvio willen we hieraan niet zomaar toegeven. Daarom nodigen we je uit op ons volgende concert "" IT…",https://www.uitinvlaanderen.be/agenda/e/it-is-our-light/9dae0eb5-db5d-459e-8461-0a43fcb36925
O.L.V.-kerk Museum,2026-10-18,LUX AETERNA,Progressive metal,"Requiem van de Brugse componist Sebastiaan Inghelbrecht Koor Cantorij Jubilate & instrumentaal ensemble Ardentes olv Sebastiaan Inghelbrecht, organist Mithra Van Eenhooge & sopraan Isabel Vanhalewyn",https://www.uitinvlaanderen.be/agenda/e/lux-aeterna/5261f357-0a68-42a7-8a5c-bf9b0bb6804d
KORF,2026-10-29,WeerWoord- Open Mic,,"WeerWoord is een platform in Brugge dat podium biedt aan nieuwe stemmen. Letterlijk! Drie artiesten komen voordragen, slammen, rappen, zingen en/of op hun eigen unieke manier een verhaal brengen. En ook jouw stem kan je laten horen tijdens de open mic momenten deze avond. Deuren: 19.00 uur Start…",https://www.uitinvlaanderen.be/agenda/e/weerwoord-open-mic/348a2919-2366-41bd-8dbf-757f4e215227
Concertgebouw,2026-12-20,30 jaar FEEST!,,"Artis Dulcedo wordt 30, tijd voor FEEST! Waar vieren we dat het liefst? In Concertgebouw Brugge natuurlijk! Vier met ons mee, op het programma Schumann ( Vioolconcerto ) en Beethoven ( Pastorale ). Eind 2026 viert het Brugs symfonisch orkest Artis Dulcedo, onder leiding van Niels Hap , zijn…",https://www.uitinvlaanderen.be/agenda/e/30-jaar-feest/410b88d4-0142-4e10-9b87-8449c60f534b
Kerk Christus Koning,2026-12-23,"Veni, Veni - Concert Amaranthe - Brugge",,"Jong Dameskoor Amaranthe nodigt u uit voor een sfeervol a-capellakerstconcert, waarin oude melodieën nieuw leven krijgen. Het programma verweeft middeleeuwse klanken en traditionele kerstliederen tot een hedendaagse muzikale beleving. Centraal staan enkele verfijnde bewerkingen van de Ierse…",https://www.uitinvlaanderen.be/agenda/e/veni-veni-concert-amaranthe-brugge/13d51ef8-8bf2-4f00-810f-8690bcb16aeb
Heilig-bloed kapel,2026-12-26,Kerst- & Eindejaarsconcert,,"Concert door String Orchestra "" Musica in Gioa "" en Vocaal Ensemble Adriaen Willaert o.l.v. Eric Hallein Muziek van Johann Sebastian Bach , William Boyce , Michel Corrette , Wolfgang Amadeus Mozart e.a. Inge Zutterman - sopraan , Tine Devoghel - fluit",https://www.uitinvlaanderen.be/agenda/e/kerst-eindejaarsconcert/76a71f7f-2bfb-4a4a-aa44-ca88828dde85
Begijnhofkerk,2026-12-27,Duoconcert Panfluit en Orgel met stemmige kerstmuziek,,"Het duo Schlubeck-Michiels concerteert reeds dertig jaar samen in alle Europese landen. Samen brengen ze repertoire uit de Barok, de Klassieke periode, de Romantiek en hedendaagse muziek. Bij deze gelegeheid wordt eveneens stemmige Kerstmuziek ten gehore gebracht.",https://www.uitinvlaanderen.be/agenda/e/duoconcert-panfluit-en-orgel-met-stemmige-kerstmuziek/a276b1c5-a654-4c15-b5cf-6130b2590e2c
Cactus Muziekcentrum,2026-10-02,W.E.R.F. Records Night - Compro Oro + Helena Casella + KUNDE + re#encounter + bààn + Margitte + Dj Benjamin,,"Als startschot van het AMOK-festival slaan KAAP en Cactus de handen in elkaar voor een gratis avond vol muzikaal avontuur, verspreid over Cactus Club en Cactus Café! Daarvoor selecteerde KAAP een bonte mix van artiesten van hun huislabel W.E.R.F. Records, al meer dan dertig jaar een...",https://www.cactusmusic.be/NL/Concerten/Kalender/werf-records-night
Café Vlissinghe,2026-10-03,Let it flow,doom metal,,https://www.uitinvlaanderen.be/agenda/e/let-it-flow/9e05fd3c-83c8-4d38-83a8-74c028cb9d0e
KORF,2026-10-16,Concerten - Haksi Taksi en Touch & The Sky,,"Deze vrijdag verwelkomen we op ons podium als hoofdact Touch & The Sky , een Brugse band met internationale roots. Voor de gelegenheid brengen ze een set van tien nummers waarin improvisatie, groove en verschillende muziekstijlen elkaar ontmoeten. Als voorprogramma om 18u30 nodigen ze Haksi Taksi…",https://www.uitinvlaanderen.be/agenda/e/concerten-haksi-taksi-en-touch-the-sky/603411f0-8294-4db7-aaab-d3e9ac2683d2
Cactus Muziekcentrum,2026-10-17,Villa Bota,,Vanuit hun paviljoen in het Astridpark is de Brugse jongerenradio Villa Bota een lab waar jonge dj’s en radiomakers hun eigen uitzendingen kunnen maken en de wereld insturen. Tijdens hun Takeover ruilen ze de radiostudio in voor de dj-booth van Cactus Café en richten ze zich op de...,https://www.cactusmusic.be/NL/Concerten/Kalender/villa-bota
Provincie West-Vlaanderen,2026-11-11,"Klimaduro, dé west-Vlaamse klimaat- en duurzaamheidsweek",,"Klimaduro, de West-Vlaamse  klimaat en duurzaamheidsweek gaat door van 12 tot 22 november 2026. Deze samenwerking tussen de Provincie West-Vlaanderen, hogescholen VIVES en Howest en Reset.Vlaanderen biedt tal van inspirerende evenementen rond klimaatverandering en duurzame ontwikkeling. Van…",https://www.uitinvlaanderen.be/agenda/e/klimaduro-d-west-vlaamse-klimaat-en-duurzaamheidsweek/ed4c113e-0a90-4c7f-a46c-6ee667332532
Cactus Muziekcentrum,2026-11-24,Shaking Hand + Félicette,post-rock,"Shaking Hand is een trio uit Manchester dat van een avontuurlijke mix van slowcore en postrock in verschillende tunings en maatsoorten hun handelsmerk heeft gemaakt. Daarbij laat de band zich inspireren door modernistische architectuur, 90’s altrock en midwestern emo. Zelf noemen ze acts als...",https://www.cactusmusic.be/NL/Concerten/Kalender/shaking-hand
Stadsschouwburg Brugge,2026-10-31,Requiem Mozart - La Chapelle Sauvage o.l.v. Karel De Wilde,,Ter afsluiting van de Kom op tegen Kanker-maand vinden op 31 oktober in Brugge en 1 november in Gent twee bijzondere uitvoeringen plaats van Mozarts wereldberoemde Requiem . Het Internationaal Ensemble La Chapelle Sauvage brengt dit meesterwerk onder leiding van dirigent Karel De Wilde . Mozarts…,https://www.uitinvlaanderen.be/agenda/e/requiem-mozart-la-chapelle-sauvage-o-l-v-karel-de-wilde/cae98a01-a5d4-4bf7-86cd-e09127fdb435
Begijnhofkerk,2026-12-31,Sylvesterconcert Klarinet en Orgel,,"Het duo Baeckelandt-Michiels zorgt voor een boeiend eindejaarsprogramma. Samen brengen ze repertoire uit de Barok, de Klassieke periode, de Romantiek en hedendaagse muziek. Een echte aanrader om het jaar in schoonheid af te sluiten.",https://www.uitinvlaanderen.be/agenda/e/sylvesterconcert-klarinet-en-orgel/539c0de6-1110-48da-971c-5f1938e30c5d
Cactus Muziekcentrum,2026-11-10,Spike and The Gimme Gimmes + The Priceduifkes,,"Spike and the Gimme Gimmes (fka Me First and the Gimme Gimmes) staan bekend om hun energieke en humoristische punkrock-coveroptredens. Ze vormen pophits, countrynummers en showtunes om tot luidruchtige punkanthems met veel vakmanschap en spektakel. Alles kan en alles mag, van ABBA tot ZZ Top...",https://www.cactusmusic.be/NL/Concerten/Kalender/spike-and-the-gimme-gimmes
Snuffel Hostel,2026-10-11,BAM! Clubbing op zondag,,Moving & Grooving op zondagnamiddag : 3 DeeJays masseren de dansvloerCrispy Beats + Funky Hotpot + Electro Wave 1 VeeJay decoreert met videoDeel zelf lekkers aan het fingerfoodbuffet. Apero vanaf 4u ’s namiddag.Dansen van 5u tot 10u ’s avonds. Een dolle zondag en helemaal fris en fit op maandag.,https://snuffel.be/events/bam-clubbing-op-zondag/
Snuffel Hostel,2026-11-01,BAM! Groovy Sunday,,Clubbing op zondagnamiddag : 3 DeeJays masseren de dansvloer1 VeeJay decoreert met videoDeel zelf lekkers aan het fingerfoodbuffet. Apero vanaf 4u ’s namiddag.Dansen van 5u tot 10u ’s avonds. Een dolle zondag en helemaal fris en fit op maandag.,https://snuffel.be/events/bam-groovy-sunday/
Snuffel Hostel,2026-11-14,Cheap Cult & Jeriko,,"Cheap Cult⸻⸻⸻⸻⸻Cheap Cult trapt Final Sunday op gang! Een gloednieuwe Gentse indierockband met leden van onder andere Dvkes, Mooneye, School is Cool en Dishwasher. De groep bevindt zich op het spanningsveld tussen psychedelische pop en krautrock. Denk aan repetitieve grooves die je meevoeren op een…",https://snuffel.be/events/cheap-cult-jeriko/
Snuffel Hostel,2026-12-06,BAM! Sunday Clubbing,,Moving & Grooving op zondagnamiddag : 3 DeeJays masseren de dansvloer 1 VeeJay decoreert met video Deel zelf lekkers aan het fingerfoodbuffet. Apero vanaf 4u ’s namiddag. Dansen van 5u tot 10u ’s avonds. Een dolle zondag en helemaal fris en fit op maandag.,https://snuffel.be/events/bam-sunday-clubbing/
Sint-Salvatorskathedraal,2026-10-16,Gratis koorconcert met George Abbot Senior Choir (VK),,"George Abbot School Senior Choir George Abbot School is een grote en diverse gemeenschap van meer dan 2000 studenten, gelegen in de stad Guildford in Surrey, 30 mijl ten zuidwesten van Londen (VK). Muziek en podiumkunsten bloeien binnen de school en spelen een centrale rol in de ethos en cultuur…",https://www.uitinvlaanderen.be/agenda/e/gratis-koorconcert-met-george-abbot-senior-choir-vk/a4d459f1-52a9-4e14-a041-121b78ddd53a
Concertgebouw,2027-01-03,Dana Winner - Nieuwjaarsconcert,dana winner,"Op zondag 3 januari 2027 zetten we het nieuwe jaar fantastisch in en verwelkomen we één van de grootste Belgische zangeressen ooit : Dana Winner, voor een exclusieve show in West-Vlaanderen; dat belooft een prachtige avond te worden. Dana Winner brengt samen met haar uitgebreide band de…",https://www.uitinvlaanderen.be/agenda/e/dana-winner-nieuwjaarsconcert/849bb471-f8cb-4b4f-abae-50def8a89225
Brouwerij De Halve Maan,2026-10-09,Guy Salamon Quintet @Izzy Jazzclub Brugge,,"Guy Salamon: Een bekroonde Israëlische jazzdrummer, componist en bandleider die in Amsterdam woont. Hij staat bekend om zijn energieke en eclectische stijl en leidt de Guy Salamon Group , waarmee hij genres als swing, punk, polka en vrije improvisatie mixt. Jesse Schilderink: Een Nederlandse…",https://www.uitinvlaanderen.be/agenda/e/guy-salamon-quintet-izzy-jazzclub-brugge/6c6eebd5-bd07-4bd3-8b40-23c822d13f59
